Data;Aposentadoria;Estoque
2020-04-28;;50787
2020-04-29;;114144
2020-04-30;;114144
2020-05-04;;114144
2020-05-05;;401213
2020-05-06;;401213
2020-05-07;;401213
2020-05-08;;471676
2020-05-11;;471676
2020-05-12;;582912
2020-05-13;;582912
2020-05-14;;583549
2020-05-15;;583954
2020-05-18;;584018
2020-05-19;;640225
2020-05-20;;643266
2020-05-21;;648446
2020-05-22;;648712
2020-05-25;;649834
2020-05-26;;696508
2020-05-27;;696508
2020-05-28;;702026
2020-05-29;;728385
2020-06-01;;728574
2020-06-02;;728574
2020-06-03;;728818
2020-06-04;;731888
2020-06-05;;731952
2020-06-08;;733007
2020-06-09;;733133
2020-06-10;;744470
2020-06-12;;744470
2020-06-15;;744649
2020-06-16;;744773
2020-06-17;;762254
2020-06-18;;762254
2020-06-19;;786772
2020-06-22;;797757
2020-06-23;;821151
2020-06-24;;821730
2020-06-25;;1050218
2020-06-26;;1076169
2020-06-29;;1098144
2020-06-30;;1223163
2020-07-01;;1243188
2020-07-02;;1248734
2020-07-03;;1249113
2020-07-06;;1308306
2020-07-07;;1560839
2020-07-08;;1622057
2020-07-09;;1631604
2020-07-10;;1653203
2020-07-13;;1664214
2020-07-14;;1664835
2020-07-15;;1737055
2020-07-16;;1921402
2020-07-17;;2049779
2020-07-20;;2092872
2020-07-21;;2177732
2020-07-22;;2202533
2020-07-23;;2649139
2020-07-24;;2698599
2020-07-27;;2899600
2020-07-28;;2993074
2020-07-29;;3071438
2020-07-30;;3831834
2020-07-31;;3960413
2020-08-03;18,0;4033551
2020-08-04;;4744158
2020-08-05;;5058695
2020-08-06;;5047457
2020-08-07;55,0;5214388
2020-08-10;;5272304
2020-08-11;;5298810
2020-08-12;;5326233
2020-08-17;;5612676
2020-08-18;;5652449
2020-08-19;;5718936
2020-08-20;;5885538
2020-08-21;;6065252
2020-08-24;;6161968
2020-08-25;;6258891
2020-08-26;;6325122
2020-08-27;;6450616
2020-08-28;;6563367
2020-08-31;;6948589
2020-09-01;;7018091
2020-09-02;;7077216
2020-09-03;;7185744
2020-09-04;;7570224
2020-09-08;;7662516
2020-09-09;4,0;7704716
2020-09-10;;7769508
2020-09-11;;7813589
2020-09-14;;7967884
2020-09-15;;8086873
2020-09-16;5751,0;8125783
2020-09-17;;8170879
2020-09-18;28250,0;8303624
2020-09-21;;8762864
2020-09-22;;8840868
2020-09-23;1000,0;9034200
2020-09-24;10000,0;9126817
2020-09-25;13953,0;9193245
2020-09-28;9000,0;9229137
2020-09-29;20800,0;9333019
2020-09-30;29000,0;9461627
2020-10-01;3000,0;9506750
2020-10-02;397,0;9565091
2020-10-05;10945,0;9664319
2020-10-06;;10020391
2020-10-07;30,0;10069633
2020-10-08;114,0;10197717
2020-10-09;;10226980
2020-10-13;;10418730
2020-10-14;;10618032
2020-10-15;;10712553
2020-10-16;;10753035
2020-10-19;;10822943
2020-10-20;;11193734
2020-10-21;;11425990
2020-10-22;;11615368
2020-10-23;95000,0;11796891
2020-10-26;;11977284
2020-10-27;;12201466
2020-10-28;6338,0;12292055
2020-10-29;2600,0;12305156
2020-10-30;1713,0;12590196
2020-11-03;185139,0;12801491
2020-11-04;45,0;12683437
2020-11-05;197,0;12974047
2020-11-06;3847,0;13139335
2020-11-09;;13247261
2020-11-10;2236,0;13295122
2020-11-11;;13405388
2020-11-12;;13448952
2020-11-13;10000,0;13478409
2020-11-16;4163,0;13546389
2020-11-17;2294,0;13641809
2020-11-18;10541,0;13926422
2020-11-19;55505,0;14001785
2020-11-20;6500,0;14096947
2020-11-23;1000,0;14421480
2020-11-24;;14484819
2020-11-25;500,0;14641028
2020-11-26;;14658712
2020-11-27;;14707348
2020-11-30;;15019710
2020-12-01;;15171630
2020-12-02;15777,0;15257632
2020-12-03;106966,0;15368061
2020-12-04;1058363,0;15423396
2020-12-07;541395,0;14696010
2020-12-08;50529,0;14281315
2020-12-09;559417,0;14338150
2020-12-10;561221,0;13857245
2020-12-11;238272,0;13383217
2020-12-14;202246,0;13295566
2020-12-15;2630687,0;13419912
2020-12-16;114727,0;10918266
2020-12-17;2234108,0;10854091
2020-12-18;416862,0;9078444
2020-12-21;1338688,0;8702613
2020-12-22;1686198,0;7482094
2020-12-23;455982,0;5896503
2020-12-24;154624,0;5476613
2020-12-28;467679,0;5381757
2020-12-29;828510,0;4997101
2020-12-30;426881,0;4262455
2020-12-31;;3899569
2021-01-04;;3972776
2021-01-05;;3997722
2021-01-06;;4147546
2021-01-07;;4178940
2021-01-08;;4328670
2021-01-11;;4425243
2021-01-12;;4493121
2021-01-13;;4607199
2021-01-14;;4615098
2021-01-15;;4697115
2021-01-18;;4710041
2021-01-19;;4872597
2021-01-20;;5201040
2021-01-21;;5487765
2021-01-22;;5715226
2021-01-25;12345,0;5822933
2021-01-26;;5900075
2021-01-27;;6015370
2021-01-28;6488,0;6088629
2021-01-29;7950,0;6113819
2021-02-01;9000,0;6135987
2021-02-02;9000,0;6214759
2021-02-03;;6391453
2021-02-04;;6437658
2021-02-05;608,0;6462240
2021-02-08;;6599840
2021-02-09;7500,0;6676563
2021-02-10;;6786346
2021-02-11;1000,0;6845578
2021-02-12;;6973748
2021-02-17;;7049220
2021-02-18;;7253540
2021-02-19;;7653328
2021-02-22;26374,0;8025677
2021-02-23;;8085293
2021-02-24;;8208305
2021-02-25;;8378148
2021-02-26;32318,0;8580457
2021-03-01;;8627046
2021-03-02;;8730640
2021-03-03;14215,0;8900497
2021-03-04;1,0;8920643
2021-03-05;;9001989
2021-03-08;;9082147
2021-03-09;;9125654
2021-03-10;;9331085
2021-03-11;;9507276
2021-03-12;1000,0;9550469
2021-03-15;5000,0;9667459
2021-03-16;;9684339
2021-03-17;;9774435
2021-03-18;;10105483
2021-03-19;;10227592
2021-03-22;;10269966
2021-03-23;;10350763
2021-03-24;;10595496
2021-03-25;;11098308
2021-03-26;;11214714
2021-03-29;7950,0;11308732
2021-03-30;17676,0;11352153
2021-03-31;118300,0;11398498
2021-04-01;2000,0;11315103
2021-04-05;2448,0;11395172
2021-04-06;1422,0;11693126
2021-04-07;;11766636
2021-04-08;;11826268
2021-04-09;;11854354
2021-04-12;41894,0;11882778
2021-04-13;;11929530
2021-04-14;;12030135
2021-04-15;2156,0;12053280
2021-04-16;;12151117
2021-04-19;;12196298
2021-04-20;;12372183
2021-04-22;;12599911
2021-04-23;;12852547
2021-04-26;50021,0;13112095
2021-04-27;;13285893
2021-04-28;5400,0;13386619
2021-04-29;5007,0;13465642
2021-04-30;9885,0;13526702
2021-05-03;3938,0;13529633
2021-05-04;97762,0;13629103
2021-05-05;3960,0;13685436
2021-05-06;12654,0;13876685
2021-05-07;29697,0;13904396
2021-05-10;6500,0;13963906
2021-05-11;;13983789
2021-05-12;39476,0;14073486
2021-05-13;2000,0;14074041
2021-05-14;30823,0;14170008
2021-05-17;;14142787
2021-05-18;32000,0;14152009
2021-05-19;;14458896
2021-05-20;;14574390
2021-05-21;6,0;14623420
2021-05-24;10000,0;15035805
2021-05-25;;15245162
2021-05-26;30788,0;15336111
2021-05-27;5000,0;15370326
2021-05-28;;15399010
2021-05-31;10000,0;15536544
2021-06-01;;15560960
2021-06-02;21000,0;15696754
2021-06-04;;15789705
2021-06-07;5,0;15992008
2021-06-08;5115,0;16069325
2021-06-09;55000,0;16195283
2021-06-10;;16183157
2021-06-11;91273,0;16258513
2021-06-14;;16230479
2021-06-15;18293,0;16259049
2021-06-16;24900,0;16371704
2021-06-17;1656,0;16394458
2021-06-18;;16565579
2021-06-21;7000,0;16693294
2021-06-22;30000,0;16746935
2021-06-23;1098237,0;16900874
2021-06-24;698663,0;15868383
2021-06-25;75274,0;15249808
2021-06-28;647,0;15280274
2021-06-29;1487,0;15770901
2021-06-30;13000,0;15937673
2021-07-01;;16014735
2021-07-02;10000,0;16079709
2021-07-05;;16200315
2021-07-06;;16309971
2021-07-07;;16440114
2021-07-08;3500,0;16559875
2021-07-09;;16580897
2021-07-12;1000,0;16658572
2021-07-13;;16717455
2021-07-14;;16919265
2021-07-15;1000,0;17005783
2021-07-16;;17033289
2021-07-19;;17057430
2021-07-20;;17718606
2021-07-21;;17956253
2021-07-22;1750,0;18043525
2021-07-23;;18197534
2021-07-26;1750,0;18331291
2021-07-27;271967,0;18383632
2021-07-28;5100,0;18228270
2021-07-29;;18261962
2021-07-30;5000,0;18292408
2021-08-02;10049,0;18425385
2021-08-03;4500,0;18495619
2021-08-04;1000,0;18648926
2021-08-05;9000,0;18741663
2021-08-06;;18767484
2021-08-09;;18807589
2021-08-10;1400,0;18853077
2021-08-11;;19110003
2021-08-12;3570,0;19145648
2021-08-13;2000,0;19164749
2021-08-16;86500,0;19252038
2021-08-17;10847,0;19219167
2021-08-18;5000,0;19697113
2021-08-19;;19966623
2021-08-20;1400,0;20189959
2021-08-23;10372,0;20277711
2021-08-24;7,0;20430734
2021-08-25;14500,0;20570478
2021-08-26;;20575553
2021-08-27;6448,0;20639437
2021-08-30;65749,0;20692985
2021-08-31;;20741227
2021-09-01;;20827794
2021-09-02;18900,0;20943494
2021-09-03;;21240967
2021-09-06;13385,0;21360093
2021-09-08;;21531988
2021-09-09;3500,0;21643373
2021-09-10;350001,0;21671585
2021-09-13;;21500965
2021-09-14;541955,0;21558340
2021-09-15;;21193693
2021-09-16;13142,0;21258283
2021-09-17;7000,0;21282854
2021-09-20;22106,0;21513331
2021-09-21;5671,0;21630929
2021-09-22;15000,0;22164269
2021-09-23;;22293587
2021-09-24;6713,0;22382414
2021-09-27;431180,0;22457375
2021-09-28;19726,0;22158643
2021-09-29;3849,0;22226812
2021-09-30;5787,0;22301265
2021-10-01;;22352689
2021-10-04;1065240,0;22393920
2021-10-05;14038,0;21497144
2021-10-06;1878,0;21603658
2021-10-07;164881,0;21686725
2021-10-08;;21540708
2021-10-11;2498,0;21702029
2021-10-13;;21818480
2021-10-14;2835,0;21876300
2021-10-15;2500,0;21949025
2021-10-18;2584,0;22024566
2021-10-19;42465,0;22129144
2021-10-20;207384,0;22502873
2021-10-21;;22415089
2021-10-22;159990,0;22922957
2021-10-25;8440,0;22881351
2021-10-26;13835,0;22972106
2021-10-27;;23073421
2021-10-28;;23135094
2021-10-29;;23180062
2021-11-01;;23206713
2021-11-03;85236,0;23284106
2021-11-04;63815,0;23357345
2021-11-05;249750,0;23356231
2021-11-08;104051,0;23194011
2021-11-09;62835,0;23262355
2021-11-10;4200,0;23296495
2021-11-11;14288,0;23411413
2021-11-12;5273,0;23479222
2021-11-16;13269,0;23518671
2021-11-17;53225,0;23596550
2021-11-18;996240,0;23776089
2021-11-19;6996054,0;22900011
2021-11-22;4712,0;16021952
2021-11-23;367137,0;16463003
2021-11-24;247444,0;16233656
2021-11-25;728882,0;16134563
2021-11-26;94837,0;15469152
2021-11-29;746032,0;15421755
2021-11-30;282994,0;14732205
2021-12-01;382865,0;14598592
2021-12-02;667094,0;14273812
2021-12-03;329551,0;13656157
2021-12-06;226524,0;13397949
2021-12-07;24695,0;13330034
2021-12-08;190771,0;13510486
2021-12-09;74172,0;13382769
2021-12-10;308155,0;13407518
2021-12-13;99645,0;13203346
2021-12-14;266397,0;13208330
2021-12-15;502075,0;13048836
2021-12-16;479307,0;12576098
2021-12-17;420202,0;12180759
2021-12-20;141318,0;12132384
2021-12-21;268692,0;12304387
2021-12-22;334480,0;12227026
2021-12-23;402887,0;11962073
2021-12-24;617,0;11653206
2021-12-27;822689,0;11727235
2021-12-28;543643,0;10950781
2021-12-29;164602,0;10474486
2021-12-30;102926,0;10442547
2021-12-31;;10413339
2022-01-03;;10447350
2022-01-04;;10455238
2022-01-05;;10544898
2022-01-06;;10682046
2022-01-07;;10710590
2022-01-10;1000,0;10775587
2022-01-11;6000,0;10983393
2022-01-12;;11095504
2022-01-13;;11109387
2022-01-14;1500,0;11118974
2022-01-17;;11175680
2022-01-18;;11193071
2022-01-19;;11743794
2022-01-20;;11900555
2022-01-21;;12013009
2022-01-24;;12158690
2022-01-25;;12210429
2022-01-26;;12319010
2022-01-27;;12434033
2022-01-28;42557,0;12457893
2022-01-31;44111,0;12487391
2022-02-01;2300,0;12499988
2022-02-02;;12582259
2022-02-03;18290,0;12647238
2022-02-04;8332,0;12757676
2022-02-07;22710,0;12774172
2022-02-08;5000,0;12830033
2022-02-09;;12917428
2022-02-10;;13033159
2022-02-11;10000,0;13070867
2022-02-14;9000,0;13117735
2022-02-15;;13129532
2022-02-16;6000,0;13208401
2022-02-17;;13236579
2022-02-18;4304,0;13384256
2022-02-21;;13520627
2022-02-22;696,0;13571733
2022-02-23;;14183071
2022-02-24;;14293578
2022-02-25;15025,0;14339631
2022-03-02;;14368193
2022-03-03;;14546204
2022-03-04;;14610549
2022-03-07;;14735466
2022-03-08;;14944683
2022-03-09;6747,0;15053555
2022-03-10;30921,0;15142677
2022-03-11;;15189577
2022-03-14;300,0;15240675
2022-03-15;;15289989
2022-03-16;;15429648
2022-03-17;;15439862
2022-03-18;;15570284
2022-03-21;16783,0;15618454
2022-03-22;8000,0;15746182
2022-03-23;;15959222
2022-03-24;67270,0;16030552
2022-03-25;32756,0;15995758
2022-03-28;2500,0;16040470
2022-03-29;868319,0;16458076
2022-03-30;1151146,0;15799296
2022-03-31;24348,0;14715403
2022-04-01;24602,0;14874096
2022-04-04;;14930844
2022-04-05;50640,0;14990541
2022-04-06;3435,0;15098242
2022-04-07;6375,0;15117445
2022-04-08;4000,0;15131208
2022-04-11;7221,0;15161994
2022-04-12;230,0;15345174
2022-04-13;;15422912
2022-04-14;9435,0;15476648
2022-04-18;;15511778
2022-04-19;1000,0;15593913
2022-04-20;58113,0;15858760
2022-04-22;6000,0;16042358
2022-04-25;5000,0;16141453
2022-04-26;34735,0;16646630
2022-04-27;23700,0;16773290
2022-04-28;;16921584
2022-04-29;5000,0;16987313
2022-05-02;61268,0;17044303
2022-05-03;;17037995
2022-05-04;34991,0;17140553
2022-05-05;2517,0;17281434
2022-05-06;10072,0;17396802
2022-05-09;1087,0;17455562
2022-05-10;;17600822
2022-05-11;2000,0;17752834
2022-05-12;76663,0;17873491
2022-05-13;;17833806
2022-05-16;;17899713
2022-05-17;;17963830
2022-05-18;40985,0;18207406
2022-05-19;10353,0;18461872
2022-05-20;2000,0;18483491
2022-05-23;10000,0;18687904
2022-05-24;8909,0;18744702
2022-05-25;1000,0;19227577
2022-05-26;13435,0;19406970
2022-05-27;54417,0;19446212
2022-05-30;19877,0;19470259
2022-05-31;29236,0;19546293
2022-06-01;10061,0;19692418
2022-06-02;4435,0;19749048
2022-06-03;2442,0;19800875
2022-06-06;2000,0;19917376
2022-06-07;4065,0;19992684
2022-06-08;4435,0;20130635
2022-06-09;9980,0;20194886
2022-06-10;2985,0;20274999
2022-06-13;8000,0;20292946
2022-06-14;30500,0;20349751
2022-06-15;489174,0;20508270
2022-06-17;115910,0;20126773
2022-06-20;3435,0;20213425
2022-06-21;14193,0;20432534
2022-06-22;3246,0;20671523
2022-06-23;49671,0;20799213
2022-06-24;45000,0;21178730
2022-06-27;35202,0;21282102
2022-06-28;3000,0;21370520
2022-06-29;33093,0;21500912
2022-06-30;44257,0;21591352
2022-07-01;;21625975
2022-07-04;13870,0;21688291
2022-07-05;5142,0;21735033
2022-07-06;16489,0;21868951
2022-07-07;11647,0;21979343
2022-07-08;6117,0;22027896
2022-07-11;97233,0;22059294
2022-07-12;5476,0;22073371
2022-07-13;1959,0;22140306
2022-07-14;38506,0;22264775
2022-07-15;12000,0;22270742
2022-07-18;100,0;22355271
2022-07-19;3144,0;22431777
2022-07-20;4435,0;22657000
2022-07-21;8345,0;22787880
2022-07-22;5000,0;22866581
2022-07-25;2183,0;23239268
2022-07-26;258873,0;23353141
2022-07-27;;23300558
2022-07-28;39820,0;23441860
2022-07-29;458,0;23476397
2022-08-01;1542,0;23520103
2022-08-02;10310,0;23626248
2022-08-03;1000,0;23732536
2022-08-04;3717,0;23784715
2022-08-05;;23827091
2022-08-08;;23862286
2022-08-09;15000,0;24015477
2022-08-10;;24142157
2022-08-11;2200,0;24202913
2022-08-12;;24256314
2022-08-15;20020,0;24308168
2022-08-16;;24366689
2022-08-17;1509,0;24499731
2022-08-18;;24671508
2022-08-19;591,0;24801129
2022-08-22;;24884053
2022-08-23;;25076915
2022-08-24;2200,0;25156022
2022-08-25;;25613471
2022-08-26;95911,0;25765657
2022-08-29;1650,0;25773613
2022-08-30;2700,0;25882307
2022-08-31;2200,0;26063852
2022-09-01;;26118940
2022-09-02;45595,0;26193607
2022-09-05;57780,0;26198820
2022-09-06;100,0;26253280
2022-09-08;106,0;26341401
2022-09-09;2400,0;26413395
2022-09-12;3863,0;26476553
2022-09-13;;26565421
2022-09-14;28682,0;26698791
2022-09-15;;26720021
2022-09-16;;26844242
2022-09-19;93716,0;27095428
2022-09-20;68905,0;27522145
2022-09-21;113405,0;27729524
2022-09-22;4452,0;27671915
2022-09-23;12927,0;27714897
2022-09-26;;27777493
2022-09-27;;27858915
2022-09-28;13100,0;28048482
2022-09-29;4300,0;28121900
2022-09-30;750,0;28226609
2022-10-03;2300,0;28295234
2022-10-04;1000000,0;28360869
2022-10-05;;27527014
2022-10-06;;27607560
2022-10-07;884756,0;27679149
2022-10-10;2200,0;26818829
2022-10-11;45596,0;26901045
2022-10-13;1700,0;27010773
2022-10-14;3200,0;27106341
2022-10-17;;27164991
2022-10-18;;27270539
2022-10-19;;27475841
2022-10-20;326615,0;27661359
2022-10-21;107909,0;27536335
2022-10-24;26944,0;27623693
2022-10-25;158627,0;27783351
2022-10-26;15572,0;27764598
2022-10-27;11118,0;27799223
2022-10-28;259,0;28170015
2022-10-31;21845,0;28238001
2022-11-01;209652,0;28360361
2022-11-03;6999,0;28328942
2022-11-04;77769,0;28412460
2022-11-07;2100,0;28378822
2022-11-08;2549,0;28462197
2022-11-09;26000,0;28652817
2022-11-10;1000,0;28662151
2022-11-11;;28720335
2022-11-14;;28790266
2022-11-16;5000,0;28904248
2022-11-17;;28982887
2022-11-18;43862,0;29185445
2022-11-21;85130,0;29391850
2022-11-22;3000,0;29674044
2022-11-23;28031,0;30148746
2022-11-24;5000,0;30222779
2022-11-25;726935,0;30371291
2022-11-28;;29769660
2022-11-29;1483,0;29864322
2022-11-30;20034,0;30003069
2022-12-01;3500,0;30035875
2022-12-02;961,0;30102489
2022-12-05;2288,0;30197412
2022-12-06;12555,0;30259098
2022-12-07;7078,0;30316757
2022-12-08;31140,0;30431649
2022-12-09;;30477625
2022-12-12;69222,0;30589559
2022-12-13;1759,0;30564726
2022-12-14;;30621012
2022-12-15;39532,0;30772533
2022-12-16;9505,0;30788917
2022-12-19;9073,0;30893366
2022-12-20;3780,0;31092382
2022-12-21;568551,0;31782150
2022-12-22;294769,0;31365554
2022-12-23;1733503,0;31150857
2022-12-26;74349,0;29524102
2022-12-27;123575,0;29516432
2022-12-28;4001514,0;29641633
2022-12-29;804480,0;26077530
2022-12-30;99862,0;25320998
2023-01-02;234657,0;24850540
2023-01-03;1453822,0;24826686
2023-01-04;82927,0;23453813
2023-01-05;283396,0;23436638
2023-01-06;41279,0;23168500
2023-01-09;112536,0;23328043
2023-01-10;13284,0;23289339
2023-01-11;12010,0;23446179
2023-01-12;274641,0;23468114
2023-01-13;1189593,0;23462968
2023-01-16;36063,0;22296858
2023-01-17;;22408946
2023-01-18;;22583130
2023-01-19;5269,0;22647458
2023-01-20;;22770143
2023-01-23;4589,0;22900830
2023-01-24;;22965654
2023-01-25;17077,0;23587463
2023-01-26;94542,0;23811756
2023-01-27;9152,0;23799190
2023-01-30;17718,0;23831793
2023-01-31;;23957165
2023-02-01;;24079125
2023-02-02;19433,0;24170745
2023-02-03;108524,0;24213276
2023-02-06;;24157647
2023-02-07;;24321216
2023-02-08;6114,0;24376805
2023-02-09;;24420353
2023-02-10;;24555499
2023-02-13;;24598930
2023-02-14;;24656936
2023-02-15;;24734027
2023-02-16;;24826685
2023-02-17;17062,0;24932566
2023-02-22;;25074886
2023-02-23;;26039900
2023-02-24;;26138624
2023-02-27;;26194021
2023-02-28;1660,0;26361021
2023-03-01;36010,0;26607553
2023-03-02;356687,0;26649716
2023-03-03;4500,0;26391290
2023-03-06;3000,0;26477095
2023-03-07;;26577871
2023-03-08;12467,0;26659120
2023-03-09;599,0;26716261
2023-03-10;16889,0;26765194
2023-03-13;31927,0;26791627
2023-03-14;4364,0;26834307
2023-03-15;967893,0;26889953
2023-03-16;4759,0;25972563
2023-03-17;21200,0;26023959
2023-03-20;;26125785
2023-03-21;;26267398
2023-03-22;49097,0;26444149
2023-03-23;2766736,0;26524230
2023-03-24;;23922262
2023-03-27;13688,0;24185358
2023-03-28;10277,0;24284566
2023-03-29;112381,0;24462057
2023-03-30;122270,0;24476559
2023-03-31;16145,0;24810859
2023-04-03;54081,0;24825467
2023-04-04;40785,0;24865781
2023-04-05;9949,0;24973694
2023-04-06;51935,0;24988106
2023-04-10;2750,0;24994532
2023-04-11;;25028563
2023-04-12;;25118239
2023-04-13;271808,0;25233561
2023-04-14;9737,0;24992967
2023-04-17;;25023502
2023-04-18;3690,0;25128861
2023-04-19;12172,0;25344496
2023-04-20;;25477132
2023-04-24;18488,0;25571314
2023-04-25;14032,0;25698670
2023-04-26;7000,0;25857140
2023-04-27;36631,0;25989994
2023-04-28;148133,0;26142498
2023-05-02;4000,0;26335715
2023-05-03;535,0;26498517
2023-05-04;2302,0;26659738
2023-05-05;2000,0;26744711
2023-05-08;;26767805
2023-05-09;20386,0;26839731
2023-05-10;44388,0;27040680
2023-05-11;70,0;27042869
2023-05-12;;27068887
2023-05-15;;27206656
2023-05-16;14484,0;27318870
2023-05-17;;27464763
2023-05-18;;27673924
2023-05-19;1000,0;27970700
2023-05-22;12924,0;28401193
2023-05-23;14428,0;28608693
2023-05-24;;28816001
2023-05-25;;28896292
2023-05-26;85,0;28962963
2023-05-29;335225,0;28995915
2023-05-30;55063,0;28741582
2023-05-31;;28863230
2023-06-01;;28985084
2023-06-02;;29072393
2023-06-05;10607,0;29106431
2023-06-06;;29188421
2023-06-07;254,0;29291284
2023-06-09;21330,0;29373520
2023-06-12;17788,0;29495296
2023-06-13;;29591156
2023-06-14;3405,0;29725888
2023-06-15;6000,0;29736783
2023-06-16;7193,0;29813256
2023-06-19;;30069563
2023-06-20;5518,0;30317342
2023-06-21;10401,0;30479034
2023-06-22;48815,0;30666802
2023-06-23;;31001791
2023-06-26;32335,0;31213677
2023-06-27;2000,0;31323677
2023-06-28;1151338,0;30226437
2023-06-29;146472,0;30144185
2023-06-30;620605,0;29573077
2023-07-03;;29722210
2023-07-04;125194,0;29795759
2023-07-05;61341,0;29788958
2023-07-06;194494,0;29657695
2023-07-07;538744,0;29152821
2023-07-10;883543,0;28376737
2023-07-11;42072,0;28478044
2023-07-12;280776,0;28252961
2023-07-13;8690,0;28324181
2023-07-14;37238,0;28391461
2023-07-17;;28484660
2023-07-18;1000,0;28666661
2023-07-19;7290,0;28798550
2023-07-20;18000,0;28822824
2023-07-21;95314,0;28954546
2023-07-24;2777,0;29463649
2023-07-25;23809,0;29674611
2023-07-26;5057,0;29744425
2023-07-27;11827,0;29810869
2023-07-28;5000,0;29845706
2023-07-31;13792,0;30032108
2023-08-01;1000,0;30125376
2023-08-02;4125,0;30240200
2023-08-03;54381,0;30213697
2023-08-04;34935,0;30215349
2023-08-07;5500,0;30315594
2023-08-08;315,0;30444024
2023-08-09;3920,0;30468336
2023-08-10;10676,0;30561677
2023-08-11;47794,0;30571384
2023-08-14;4490,0;30674915
2023-08-15;267174,0;30624979
2023-08-16;27973,0;30668937
2023-08-17;10804,0;30805114
2023-08-18;9306,0;30960270
2023-08-21;9438,0;31059122
2023-08-22;7899,0;31193909
2023-08-23;3346,0;31324797
2023-08-24;2832,0;31451339
2023-08-25;10010,0;31885196
2023-08-28;24611,0;32123285
2023-08-29;3715,0;32219041
2023-08-30;6140,0;32241919
2023-08-31;2583621,0;29732830
2023-09-01;69544,0;29680381
2023-09-04;24984,0;29725272
2023-09-05;12494,0;29914305
2023-09-06;234714,0;29721692
2023-09-08;20840,0;29786522
2023-09-11;152556,0;29741163
2023-09-12;12725,0;29828309
2023-09-13;17300,0;29900577
2023-09-14;101630,0;29841555
2023-09-15;1768,0;30005735
2023-09-18;72121,0;30042917
2023-09-19;136229,0;30101597
2023-09-20;1547552,0;28742220
2023-09-21;174596,0;28754737
2023-09-22;53740,0;28884065
2023-09-25;170000,0;28868545
2023-09-26;336852,0;28686048
2023-09-27;516962,0;28639085
2023-09-28;549721,0;28158868
2023-09-29;284761,0;27949485
2023-10-02;9210,0;28029751
2023-10-03;10998,0;28103791
2023-10-04;7444,0;28209416
2023-10-05;3899,0;28275048
2023-10-06;2064,0;28359153
2023-10-09;;28586225
2023-10-10;791,0;28750682
2023-10-11;6229,0;28819349
2023-10-13;998245,0;27865214
2023-10-16;860,0;27951602
2023-10-17;3406,0;28156865
2023-10-18;3286,0;28359446
2023-10-19;;28490826
2023-10-20;4000,0;28643164
2023-10-23;54754,0;29094960
2023-10-24;7287,0;29424858
2023-10-25;12500,0;29610641
2023-10-26;10000,0;29673844
2023-10-27;700,0;29726974
2023-10-30;;29843546
2023-10-31;4184,0;29997519
2023-11-01;;30109858
2023-11-03;;30340872
2023-11-06;29305,0;30417335
2023-11-07;177127,0;30369164
2023-11-08;831823,0;29592712
2023-11-09;528203,0;29132481
2023-11-10;295826,0;28856293
2023-11-13;12381,0;29058157
2023-11-14;;29206723
2023-11-16;;29640328
2023-11-17;;29996225
2023-11-20;;30170267
2023-11-21;30716,0;31328148
2023-11-22;33125,0;31426578
2023-11-23;24129,0;31465444
2023-11-24;1571,0;31567242
2023-11-27;23947,0;31914118
2023-11-28;25773,0;32017418
2023-11-29;247870,0;31906464
2023-11-30;56707,0;31890431
2023-12-01;565,0;32073443
2023-12-04;;32166177
2023-12-05;45840,0;32238387
2023-12-06;4459,0;32266089
2023-12-07;14973,0;32298751
2023-12-08;25941,0;32376438
2023-12-11;97678,0;32397879
2023-12-12;33182,0;32516997
2023-12-13;1322921,0;31364345
2023-12-14;;31412243
2023-12-15;113469,0;30428990
2023-12-18;711970,0;30329879
2023-12-19;17747,0;30474433
2023-12-20;601152,0;30170328
2023-12-21;212878,0;30114641
2023-12-22;275961,0;30001256
2023-12-26;1386337,0;28665838
2023-12-27;650972,0;28333726
2023-12-28;404603,0;28263767
2023-12-29;29799,0;28276915
2024-01-02;51067,0;28302838
2024-01-03;18477,0;28393931
2024-01-04;34625,0;28425389
2024-01-05;83537,0;28437643
2024-01-08;28303,0;28556383
2024-01-09;41991,0;28745093
2024-01-10;7974,0;28791724
2024-01-11;51780,0;28812748
2024-01-12;;28825433
2024-01-15;307,0;28958184
2024-01-16;;29151008
2024-01-17;36416,0;29543381
2024-01-18;56678,0;29863456
2024-01-19;34348,0;30018762
2024-01-22;;30238357
2024-01-23;;30479270
2024-01-24;;30557806
2024-01-25;;30770177
2024-01-26;53530,0;30821541
2024-01-29;203707,0;30678967
2024-01-30;;30811719
2024-01-31;55172,0;30822210
2024-02-01;33220,0;30834701
2024-02-02;10000,0;30910352
2024-02-05;7140,0;30982201
2024-02-06;;31119168
2024-02-07;28000,0;31200716
2024-02-08;84839,0;31343727
2024-02-09;23527,0;31388843
2024-02-14;49200,0;31442542
2024-02-15;8196,0;31601589
2024-02-16;35000,0;31737539
2024-02-19;18752,0;32472090
2024-02-20;;32651937
2024-02-21;242053,0;32688897
2024-02-22;2232,0;32992797
2024-02-23;26690,0;33097188
2024-02-26;15000,0;33185573
2024-02-27;190283,0;33155028
2024-02-28;;33224472
2024-02-29;364118,0;32966673
2024-03-01;21000,0;33062023
2024-03-04;149288,0;33104007
2024-03-05;463753,0;32892515
2024-03-06;903332,0;32383551
2024-03-07;5063,0;32417105
2024-03-08;151870,0;32351237
2024-03-11;2495520,0;29972356
2024-03-12;1529480,0;28661868
2024-03-13;585962,0;28204048
2024-03-14;957380,0;27292528
2024-03-15;769906,0;26647541
2024-03-18;1000000,0;26291084
2024-03-19;103342,0;26463533
2024-03-20;5570,0;26544611
2024-03-21;7195829,0;19464649
2024-03-22;60815,0;19615157
2024-03-25;1637062,0;18234912
2024-03-26;585938,0;17869300
2024-03-27;70827,0;18014192
2024-03-28;168524,0;17927097
2024-04-01;12,0;18125300
2024-04-02;;18232573
2024-04-03;12238,0;18283342
2024-04-04;13750,0;18339177
2024-04-05;;18371247
2024-04-08;7000,0;18466126
2024-04-09;21885,0;18593777
2024-04-10;1000,0;18634713
2024-04-11;1000,0;18846572
2024-04-12;;18905075
2024-04-15;4196,0;19051691
2024-04-16;2462,0;19289940
2024-04-17;;20004257
2024-04-18;;20211409
2024-04-19;30793,0;20292110
2024-04-22;;20427824
2024-04-23;;20582426
2024-04-24;816527,0;19869523
2024-04-25;400123,0;19515467
2024-04-26;137555,0;19692390
2024-04-29;5000,0;19743066
2024-04-30;512901,0;19421994
2024-05-02;28626,0;19536797
2024-05-03;28467,0;19583092
2024-05-06;31189,0;19688966
2024-05-07;;19791863
2024-05-08;;19923853
2024-05-09;27264,0;19958217
2024-05-10;;20050165
2024-05-13;10474,0;20133572
2024-05-14;57698,0;20289519
2024-05-15;;20339800
2024-05-16;128276,0;20325953
2024-05-17;10000,0;20983785
2024-05-20;25899,0;21147946
2024-05-21;41636,0;21390248
2024-05-22;179815,0;21305600
2024-05-23;12515,0;21362876
2024-05-24;10000,0;21475684
2024-05-27;2691,0;21738282
2024-05-28;1630666,0;20420300
2024-05-29;15000,0;20517597
2024-05-31;;20601634
2024-06-03;;20671203
2024-06-04;9000,0;20849840
2024-06-05;14554,0;20971903
2024-06-06;60063,0;20980713
2024-06-07;10000,0;21061188
2024-06-10;;21149536
2024-06-11;24358,0;21360080
2024-06-12;;21441792
2024-06-13;76322,0;21417554
2024-06-14;1500,0;21579675
2024-06-17;7000,0;21926219
2024-06-18;15380,0;22584062
2024-06-19;19765,0;22761439
2024-06-20;15000,0;22929462
2024-06-21;;23088860
2024-06-24;95756,0;23170956
2024-06-25;301046,0;23145528
2024-06-26;26687,0;23226003
2024-06-27;119710,0;23190282
2024-06-28;111895,0;23145624
2024-07-01;13266,0;23233286
2024-07-02;6332,0;23351364
2024-07-03;;23445852
2024-07-04;75792,0;23502089
2024-07-05;1800,0;23682951
2024-07-08;1200,0;23824163
2024-07-09;;23941733
2024-07-10;27500,0;23931179
2024-07-11;;24093067
2024-07-12;18000,0;24124105
2024-07-15;22742,0;24392558
2024-07-16;4548,0;24611786
2024-07-17;1500,0;24817472
2024-07-18;293,0;24899198
2024-07-19;6500,0;25097371
2024-07-22;2500,0;25621162
2024-07-23;11000,0;25828476
2024-07-24;26300,0;26021397
2024-07-25;2566,0;26115358
2024-07-26;9975,0;26173875
2024-07-29;49263,0;26289766
2024-07-30;21279,0;26386447
2024-07-31;115082,0;26372052
2024-08-01;11178,0;26426329
2024-08-02;13215,0;26413114
2024-08-05;258382,0;26481957
2024-08-06;18732,0;26552557
2024-08-07;1500,0;26716887
2024-08-08;36390,0;26735217
2024-08-09;;26832241
2024-08-12;25002,0;27035503
2024-08-13;;27240166
2024-08-14;20658,0;27280486
2024-08-15;8055,0;27418758
2024-08-16;;27528913
2024-08-19;5721,0;27793466
2024-08-20;;28477180
2024-08-21;8800,0;28673049
2024-08-22;23347,0;28892555
2024-08-23;58200,0;28892749
2024-08-26;;29068311
2024-08-27;1292568,0;27899138
2024-08-28;;27977489
2024-08-29;;28032314
2024-08-30;173748,0;27948388
2024-09-02;35317,0;28014430
2024-09-03;22367,0;28179888
2024-09-04;26774,0;28218200
2024-09-05;22103,0;28398903
2024-09-06;48240,0;28493204
2024-09-09;89318,0;28609182
2024-09-10;23500,0;28680237
2024-09-11;;28862912
2024-09-12;;28933698
2024-09-13;;29038832
2024-09-16;;29153510
2024-09-17;43571,0;29527593
2024-09-18;28569,0;29586450
2024-09-19;100181,0;29654380
2024-09-20;14248,0;29764888
2024-09-23;324565,0;29601696
2024-09-24;215936,0;29656742
2024-09-25;16120,0;29744487
2024-09-26;942211,0;28863191
2024-09-27;386750,0;28535007
2024-09-30;350217,0;28342035
2024-10-01;76497,0;28909787
2024-10-02;;29013914
2024-10-03;2798,0;29176927
2024-10-04;22790,0;29212737
2024-10-07;696278,0;28679031
2024-10-08;;28877027
2024-10-09;1022000,0;27919680
2024-10-10;130596,0;27866653
2024-10-11;8620,0;27974425
2024-10-14;;28295714
2024-10-15;235165,0;28214046
2024-10-16;311048,0;28051826
2024-10-17;;28270306
2024-10-18;;28416684
2024-10-21;;28613253
2024-10-22;26700,0;29136867
2024-10-23;16819,0;29258985
2024-10-24;;29310895
2024-10-25;528586,0;28825092
2024-10-28;1000000,0;28065374
2024-10-29;210,0;28200406
2024-10-30;;28371896
2024-10-31;13362,0;28469217
2024-11-01;51060,0;28495835
2024-11-04;76690,0;28719967
2024-11-05;7200,0;28808838
2024-11-06;;28991962
2024-11-07;5300,0;29083486
2024-11-08;;29173612
2024-11-11;50807,0;29352446
2024-11-12;112352,0;29396822
2024-11-13;1531600,0;27984243
2024-11-14;42000,0;28096764
2024-11-18;19000,0;28260767
2024-11-19;304000,0;28354408
2024-11-21;;28588920
2024-11-22;45000,0;28671168
2024-11-25;133478,0;29228066
2024-11-26;1243531,0;28253593
2024-11-27;72658,0;28302511
2024-11-28;75520,0;28338570
2024-11-29;4000,0;28488745
2024-12-02;1410000,0;27246584
2024-12-03;6374220,0;21120385
2024-12-04;1296,0;21175690
2024-12-05;78945,0;21184693
2024-12-06;53739,0;21220157
2024-12-09;48666,0;21358295
2024-12-10;1347216,0;20277096
2024-12-11;463954,0;19863446
2024-12-12;109027,0;19824873
2024-12-13;324654,0;19613894
2024-12-16;650348,0;19065649
2024-12-17;549503,0;18754912
2024-12-18;985752,0;18624619
2024-12-19;1130399,0;17557823
2024-12-20;586646,0;17171401
2024-12-23;423028,0;16934073
2024-12-24;85729,0;16916921
2024-12-26;355268,0;16616754
2024-12-27;517927,0;16202376
2024-12-30;72064,0;16330774
2024-12-31;;16413572
2025-01-02;;16459007
2025-01-03;;16669636
2025-01-06;;16863524
2025-01-07;1000,0;16988754
2025-01-08;;17240372
2025-01-09;129,0;17357229
2025-01-10;890,0;17506298
2025-01-13;8470,0;17677433
2025-01-14;2000,0;17847992
2025-01-15;;17885958
2025-01-16;9079,0;18010181
2025-01-17;627,0;18158549
2025-01-20;106630,0;18594714
2025-01-21;;19059475
2025-01-22;;19165956
2025-01-23;;19290592
2025-01-24;7,0;19327155
2025-01-27;28971,0;19594181
2025-01-28;759,0;19705791
2025-01-29;7500,0;19804108
2025-01-30;2000,0;19860789
2025-01-31;129058,0;19905728
2025-02-03;;19980246
2025-02-04;;20163015
2025-02-05;;20203264
2025-02-06;;20297101
2025-02-07;7835,0;20354445
2025-02-10;2165,0;20595617
2025-02-11;10118,0;20721241
2025-02-12;19400,0;20758281
2025-02-13;;20978589
2025-02-14;10000,0;21051782
2025-02-17;;21328788
2025-02-18;;22114103
2025-02-19;2000,0;22356729
2025-02-20;;22498677
2025-02-21;;22760796
2025-02-24;;22925840
2025-02-25;87500,0;22977114
2025-02-26;;23088516
2025-02-27;24768,0;23105963
2025-02-28;;23181421
2025-03-05;;23517815
2025-03-06;13000,0;23663908
2025-03-07;1810255,0;21938738
2025-03-10;15632,0;22108235
2025-03-11;;22451116
2025-03-12;28669,0;22450865
2025-03-13;27000,0;22548817
2025-03-14;148728,0;22454659
2025-03-17;443224,0;22343051
2025-03-18;122574,0;22919444
2025-03-19;13331,0;23012966
2025-03-20;34000,0;23115482
2025-03-21;616848,0;22617309
2025-03-24;;22913782
2025-03-25;751634,0;22273165
2025-03-26;68299,0;22333772
2025-03-27;883409,0;21596869
2025-03-28;76304,0;21631389
2025-03-31;82184,0;21677737
2025-04-01;25283,0;21755171
2025-04-02;;21822997
2025-04-03;41285,0;22001731
2025-04-04;;22191309
2025-04-07;;22318570
2025-04-08;80369,0;22363984
2025-04-09;;22458433
2025-04-10;8854,0;22662999
2025-04-11;4941,0;22725014
2025-04-14;5159,0;22847771
2025-04-15;11004,0;22917233
2025-04-16;4369,0;23101112
2025-04-17;54306,0;23158601
2025-04-22;;23669840
2025-04-23;9500,0;24275787
2025-04-24;3000,0;24481614
2025-04-25;20000,0;24513452
2025-04-28;;24664446
2025-04-29;91416,0;24704272
2025-04-30;31963,0;24824805
2025-05-02;2150,0;25073465
2025-05-05;;25330421
2025-05-06;12011,0;25432287
2025-05-07;6844,0;25538870
2025-05-08;41600,0;25647952
2025-05-09;1000,0;25727917
2025-05-12;11982,0;25831735
2025-05-13;34388,0;25879829
2025-05-14;13000,0;26016174
2025-05-15;;26120094
2025-05-16;384,0;26191739
2025-05-19;3300,0;26956002
2025-05-20;;27061572
2025-05-21;1536,0;27288350
2025-05-22;815,0;27457293
2025-05-23;;27629379
2025-05-26;1464,0;27787869
2025-05-27;;27952029
2025-05-28;21000,0;28003524
2025-05-29;3500,0;28062007
2025-05-30;;28138095
2025-06-02;24723,0;28267616
2025-06-03;68334,0;28359031
2025-06-04;25077,0;28444048
2025-06-05;6995,0;28479107
2025-06-06;3674,0;28578363
2025-06-09;33091,0;28652004
2025-06-10;104854,0;28734548
2025-06-11;3000,0;28929309
2025-06-12;139385,0;28852927
2025-06-13;;28924949
2025-06-16;116614,0;28968762
2025-06-17;595924,0;29091147
2025-06-18;;29375119
2025-06-20;333596,0;29199979
2025-06-23;1108406,0;28227174
2025-06-24;381661,0;28010700
2025-06-25;1642608,0;26572913
2025-06-26;4069,0;26694208
2025-06-27;71276,0;26822810
2025-06-30;391851,0;26563413
2025-07-01;32019,0;26604606
2025-07-02;62301,0;26588057
2025-07-03;12950,0;26818103
2025-07-04;63391,0;26918109
2025-07-07;1,0;27056575
2025-07-08;500,0;27244998
2025-07-09;5000,0;27336507
2025-07-10;12,0;27415220
2025-07-11;55500,0;27492175
2025-07-14;68423,0;27727692
2025-07-15;1577,0;27789302
2025-07-16;182059,0;27698902
2025-07-17;27344,0;27793037
2025-07-18;53581,0;27748483
2025-07-21;22260,0;27857172
2025-07-22;35008,0;28108550
2025-07-23;4982,0;28259752
2025-07-24;11792,0;28519472
2025-07-25;22966,0;28978465
2025-07-28;4000,0;29114285
2025-07-29;3302,0;29235666
2025-07-30;;29308781
2025-07-31;8000,0;29383172
2025-08-01;841,0;29478187
2025-08-04;5390,0;29675813
2025-08-05;4000,0;29782852
2025-08-06;3764,0;29874422
2025-08-07;36000,0;29946446
2025-08-08;1000,0;30133246
2025-08-11;11185,0;30356094
2025-08-12;;30472713
2025-08-13;49367,0;30492776
2025-08-14;150000,0;30459076
2025-08-15;5000,0;30561314
2025-08-18;10000,0;30690466
2025-08-19;23228,0;30817809
2025-08-20;14000,0;30879848
2025-08-21;29020,0;31078218
2025-08-22;12045,0;31568164
2025-08-25;;31746493
2025-08-26;;31941128
2025-08-27;15600,0;32156634
2025-08-28;2000,0;32264716
2025-08-29;44009,0;32452861
2025-09-01;980,0;32552887
2025-09-02;25176,0;32687027
2025-09-03;46261,0;32794256
2025-09-04;129711,0;32779821
2025-09-05;1250,0;32938865
2025-09-08;6187,0;33103624
2025-09-09;9773,0;33242426
2025-09-10;33929,0;33378188
2025-09-11;;33430406
2025-09-12;76120,0;33401612
2025-09-15;40000,0;33536586
2025-09-16;;33729611
2025-09-17;9200,0;33889785
2025-09-18;;33984649
2025-09-19;381804,0;33617946
2025-09-22;723930,0;33176045
2025-09-23;1238962,0;32475968
2025-09-24;2125234,0;30625820
2025-09-25;270210,0;30410874
2025-09-26;606812,0;29912223
2025-09-29;146891,0;29891640
2025-09-30;1,0;30021850
2025-10-01;;30218039
2025-10-02;5023,0;30289567
2025-10-03;10597,0;30337133
2025-10-06;8500,0;30757020
2025-10-07;4000,0;30836872
2025-10-08;;30957563
2025-10-09;3000,0;31055865
2025-10-10;707363,0;30589187
2025-10-13;;30782007
2025-10-14;;30972956
2025-10-15;150,0;31033812
2025-10-16;;31107033
2025-10-17;;31445322
2025-10-20;;31631719
2025-10-21;1051199,0;30822168
2025-10-22;971414,0;30032059
2025-10-23;124064,0;30018413
2025-10-24;;30130004
2025-10-27;980,0;30248969
2025-10-28;;30842256
2025-10-29;56977,0;30871896
2025-10-30;9000,0;30958902
2025-10-31;55311,0;30993382
2025-11-03;2694,0;31093536
2025-11-04;197263,0;31063183
2025-11-05;38896,0;31077765
2025-11-06;258901,0;31143728
2025-11-07;;31253379
2025-11-10;51221,0;31343348
2025-11-11;2000,0;31499690
2025-11-12;1078294,0;30510351
2025-11-13;837402,0;29744582
2025-11-14;24764,0;29815066
2025-11-17;265975,0;29710703
2025-11-18;13776,0;30016375
2025-11-19;;30193386
2025-11-21;6762,0;30455338
2025-11-24;13318,0;30595671
2025-11-25;797465,0;30102110
2025-11-26;196278,0;30206919
2025-11-27;30472,0;30659320
2025-11-28;8171,0;30726729
2025-12-01;891189,0;29941533
2025-12-02;38839,0;30003999
2025-12-03;381754,0;29784655
2025-12-04;376747,0;29498427
2025-12-05;1867920,0;27804910
2025-12-08;698801,0;27307205
2025-12-09;282926,0;27165245
2025-12-10;2321633,0;24955232
2025-12-11;281120,0;24871198
2025-12-12;23578,0;24952578
2025-12-15;601189,0;24543289
2025-12-16;234727,0;24464190
2025-12-17;1250231,0;23576753
2025-12-18;1518098,0;22493284
2025-12-19;1314983,0;21350538
2025-12-22;1102582,0;20541044
2025-12-23;1339868,0;19388041
2025-12-24;115291,0;19442211
2025-12-26;131499,0;19397903
2025-12-29;225215,0;19347081
2025-12-30;26908,0;19502770
2025-12-31;35537,0;19495509
2026-01-02;;19547447
2026-01-05;;19610987
2026-01-06;;19833277
2026-01-07;675199,0;19266849
2026-01-08;5570,0;19488087
2026-01-09;6930,0;19724545
2026-01-12;5000,0;19901726
2026-01-13;402766,0;19614161
2026-01-14;500713,0;19247676
2026-01-15;;19349727
2026-01-16;2980,0;19556918
2026-01-19;;20399946
2026-01-20;;20460499
2026-01-21;;20612824
2026-01-22;;20890575
2026-01-23;;20992180
2026-01-26;94794,0;21072063
2026-01-27;;21218706
2026-01-28;254468,0;20999999
2026-01-29;54363,0;21151009
2026-01-30;19179,0;21208589
2026-02-02;15597,0;21463914
2026-02-03;20058,0;21607715
2026-02-04;;21705405
2026-02-05;114415,0;21699908
2026-02-06;;21818435
2026-02-09;23795,0;22045264
2026-02-10;;22039384
2026-02-11;768126,0;21307821
2026-02-12;736207,0;20672231
2026-02-13;24371,0;20818616
2026-02-18;10000,0;21169691
2026-02-19;;21645551
2026-02-20;;21939746
2026-02-23;980,0;22235672
2026-02-24;;22477889
2026-02-25;25680,0;22529382
2026-02-26;24667,0;22581757
2026-02-27;;22739649
2026-03-02;514,0;22981428
2026-03-03;13899,0;23107369
2026-03-04;11651,0;23159899
2026-03-05;26482,0;23256738
2026-03-06;16000,0;23339872
2026-03-09;88460,0;23450891
2026-03-10;26444,0;23564856
2026-03-11;1062,0;23676946
2026-03-12;41935,0;23723662
2026-03-13;2000,0;23819073
2026-03-16;7143,0;23997588
2026-03-17;2450,0;24144294
2026-03-18;;24587279
2026-03-19;624159,0;24353896
2026-03-20;2000,0;24519554
2026-03-23;944999,0;23787741
2026-03-24;72376,0;23860145
2026-03-25;798632,0;23122421
2026-03-26;498692,0;22684140
2026-03-27;779855,0;22142728
2026-03-30;100436,0;22200913
2026-03-31;227193,0;22098827
2026-04-01;73000,0;22161725
2026-04-02;2000,0;22242304
2026-04-06;24847,0;22450307
2026-04-07;6000,0;22637887
2026-04-08;30764,0;22749344
2026-04-09;2552,0;22886752
2026-04-10;7787,0;22940836
2026-04-13;;23061211
2026-04-14;;23204011
2026-04-15;;23299873
2026-04-16;;23427221
2026-04-17;20000,0;24116526
2026-04-20;63857,0;24241145
2026-04-22;20000,0;24316874
2026-04-23;;24447408
2026-04-24;;24593180
2026-04-27;9911,0;24738784
2026-04-28;;24876235
2026-04-29;;25129820
2026-04-30;83881,0;25200344
2026-05-04;;25394900
2026-05-05;12363,0;25531922
2026-05-06;7407,0;25607623
2026-05-07;5093,0;25753302
2026-05-08;18000,0;25892512
2026-05-11;10000,0;25999512
2026-05-12;33699,0;26058398
2026-05-13;40158,0;26110789
2026-05-14;8000,0;26179428
2026-05-15;13000,0;26273852
2026-05-18;;26446393
2026-05-19;15024,0;26770256
2026-05-20;5000,0;27200025
2026-05-21;980,0;27561269
2026-05-22;;27704287
2026-05-25;3000,0;27792136
2026-05-26;;28005939
2026-05-27;27791,0;28030871
2026-05-28;23112,0;28147167
2026-05-29;7271,0;28224408
2026-06-01;;28480139
2026-06-02;80395,0;28516889
2026-06-03;;28620776
2026-06-05;397133,0;28282980
2026-06-08;97015,0;28317632
2026-06-09;12203,0;28517003
2026-06-10;;28748136
2026-06-11;;28989394
2026-06-12;;29106968
2026-06-15;99712,0;29116395
2026-06-16;45000,0;29422957
2026-06-17;28601,0;29655072
2026-06-18;20395,0;29953287
2026-06-19;62217,0;30030330
2026-06-22;1242697,0;28912653
2026-06-23;3931028,0;25147465
2026-06-24;10097,0;25298334
2026-06-25;500,0;25388437
2026-06-26;382636,0;25095686
2026-06-29;379975,0;24922451
2026-06-30;1601643,0;23397495
2026-07-01;853,0;23646501
2026-07-02;;23750329
2026-07-03;;23824966
2026-07-06;;24074615
2026-07-07;;24194655
2026-07-08;12500,0;24334605
2026-07-09;2412,0;24420385
2026-07-10;12849,0;24464502
2026-07-13;100701,0;24551419
2026-07-14;450987,0;24339454
2026-07-15;391452,0;24046717
2026-07-16;664,0;24046242
2026-07-17;;24211973
2026-07-20;;24371514
2026-07-21;300,0;25059363
2026-07-22;280799,0;25078114
2026-07-23;25894,0;25271475
2026-07-24;;25326577
2026-07-27;10980,0;25429688
2026-07-28;2662,0;25587130
2026-07-29;;25661368
2026-07-30;12000,0;25742069
2026-07-31;940,0;26004824
2026-08-03;;26173917
2026-08-04;39640,0;26281853
2026-08-05;;26349811
2026-08-06;17500,0;26443257
2026-08-07;15000,0;26486708
2026-08-10;2000,0;26667169
2026-08-11;;26781986
2026-08-12;10000,0;26886979
2026-08-13;200000,0;26870129
2026-08-14;;27002132
2026-08-17;2000,0;27240041
2026-08-18;2571,0;27632361
2026-08-19;;28007996
2026-08-20;;28330737
2026-08-21;22277,0;28385777
2026-08-24;2817,0;28653381
2026-08-25;;28831930
2026-08-26;83487,0;28911114
2026-08-27;138274,0;28892837
2026-08-28;895917,0;28307433
2026-08-31;21014,0;28502960
2026-09-01;;28617689
2026-09-02;;28683351
2026-09-03;;28727088
2026-09-04;20198,0;28774550
2026-09-08;;28982310
2026-09-09;950,0;29208588
2026-09-10;;29407213
2026-09-11;2022,0;29457274
2026-09-14;15000,0;29616025
2026-09-15;14976,0;29837068
2026-09-16;203712,0;29791611
2026-09-17;164611,0;29894020
2026-09-18;881250,0;29123369
2026-09-21;;29388962
2026-09-22;1700,0;29930095
2026-09-23;335522,0;29757577
2026-09-24;1302671,0;28733416
2026-09-25;396184,0;28516997
2026-09-28;668415,0;28081043
2026-09-29;51000,0;28182549
2026-09-30;42662,0;28383970
