Data;Ativo;Núm. de Negócios;Qtde Negociada;Preço Mínimo;Preço Médio;Preço Máximo;Valor Financeiro;Liquidação
2020-06-15;CBIO;2;200;50,0;50,5;51,0;10100,0;D0
2020-06-25;CBIO;2;4000;15,0;15,0;15,0;60000,0;D0
2020-06-30;CBIO;1;2000;15,0;15,0;15,0;30000,0;D0
2020-07-01;CBIO;1;2000;18,0;18,0;18,0;36000,0;D0
2020-07-03;CBIO;2;2000;21,0;21,0;21,0;42000,0;D0
2020-07-06;CBIO;2;2000;20,0;20,0;20,0;40000,0;D0
2020-07-10;CBIO;6;10038;20,0;20,0;20,0;200760,0;D0
2020-07-17;CBIO;5;10450;20,0;20,0;20,0;209000,0;D0
2020-07-20;CBIO;1;245;20,0;20,0;20,0;4900,0;D0
2020-07-21;CBIO;4;4000;20,0;20,0;20,0;80000,0;D0
2020-07-23;CBIO;3;6000;20,0;20,166666;20,5;121000,0;D0
2020-07-24;CBIO;11;40500;18,0;19,66666667;20,0;809000,0;D0
2020-07-27;CBIO;2;4975;19,8;19,9;20,0;99490,0;D0
2020-07-28;CBIO;66;55000;20,0;20,0;20,0;1100000,0;D0
2020-07-29;CBIO;3;1195;20,0;20,0;20,0;23900,0;D0
2020-07-30;CBIO;2;200;20,0;20,0;20,0;4000,0;D0
2020-07-31;CBIO;2;1950;19,5;19,5;19,5;38025,0;D0
2020-08-03;CBIO;4;256;20,0;21,0;22,0;5332,0;D0
2020-08-04;CBIO;5;6190;19,0;20,33333333;22,0;117880,0;D0
2020-08-05;CBIO;8;4394;20,0;20,8;22,0;88784,0;D0
2020-08-06;CBIO;13;8500;19,5;19,92;20,5;168900,0;D0
2020-08-07;CBIO;30;40400;20,0;20,0;20,0;808000,0;D0
2020-08-10;CBIO;1;1474;20,0;20,0;20,0;29480,0;D0
2020-08-11;CBIO;9;44460;20,0;20,157048;20,25;899200,0;D0
2020-08-13;CBIO;2;10000;20,0;20,0;20,0;200000,0;D0
2020-08-14;CBIO;16;45000;19,5;19,75;20,0;888500,0;D0
2020-08-17;CBIO;1;5000;20,0;20,0;20,0;100000,0;D0
2020-08-19;CBIO;2;11400;20,0;20,0;20,0;228000,0;D0
2020-08-20;CBIO;12;16728;20,0;20,0;20,0;334560,0;D0
2020-08-21;CBIO;10;48920;19,5;19,757075;20,0;963824,5;D0
2020-08-24;CBIO;2;20000;19,75;19,75;19,75;395000,0;D0
2020-08-25;CBIO;2;4000;19,75;19,75;19,75;79000,0;D0
2020-08-26;CBIO;10;50000;19,75;19,75;19,75;987500,0;D0
2020-08-27;CBIO;17;49197;19,75;19,77777778;20,0;972515,75;D0
2020-08-28;CBIO;14;41200;19,75;19,89285714;20,0;819000,0;D0
2020-08-31;CBIO;29;29634;19,75;19,96428571;20,0;590180,0;D0
2020-09-01;CBIO;8;42162;19,75;19,83333333;20,0;833961,25;D0
2020-09-02;CBIO;13;31836;19,75;19,85;20,0;630649,5;D0
2020-09-03;CBIO;31;59744;19,85;19,98636364;20,0;1194636,4;D0
2020-09-04;CBIO;20;114181;20,0;20,01590629;20,5;2284520,0;D0
2020-09-08;CBIO;35;71000;20,0;20,02777778;20,5;1425000,0;D0
2020-09-09;CBIO;8;8350;20,6;20,7;21,0;173410,0;D0
2020-09-10;CBIO;28;48838;20,0;21,2748565;21,75;1040696,0;D0
2020-09-11;CBIO;50;137348;21,85;22,02323148;23,0;3025105,7;D0
2020-09-14;CBIO;4;4492;22,0;22,0;22,0;98824,0;D0
2020-09-15;CBIO;30;68000;23,0;23,86785714;24,0;1604200,0;D0
2020-09-16;CBIO;46;147264;23,5;23,61857143;24,99;3480654,0;D0
2020-09-17;CBIO;74;200129;24,25;25,58945943;26,5;5091559,4;D0
2020-09-18;CBIO;69;227350;26,5;27,40868612;29,0;6235650,0;D0
2020-09-21;CBIO;127;553041;27,0;29,91722096;32,0;16517406,65;D0
2020-09-22;CBIO;82;359350;30,0;34,44460057;40,0;11945855,0;D0
2020-09-23;CBIO;32;70198;32,5;35,595375;40,0;2496446,13;D0
2020-09-24;CBIO;66;261636;35,0;35,70348987;36,5;9275928,8;D0
2020-09-25;CBIO;78;127066;35,0;36,200331;37,2;4587689,0;D0
2020-09-28;CBIO;118;304536;36,0;36,75220192;40,5;11142251,2;D0
2020-09-29;CBIO;29;46591;36,0;37,35153813;38,2;1739371,0;D0
2020-09-30;CBIO;79;128182;36,7;37,24418217;39,9;4777575,12;D0
2020-10-01;CBIO;173;437715;37,5;39,60987974;40,4;17437249,4;D0
2020-10-02;CBIO;248;1005930;39,5;40,00400243;40,5;40235100,0;D0
2020-10-05;CBIO;56;147374;40,0;40,22222222;42,0;5897948,0;D0
2020-10-06;CBIO;49;81466;40,0;40,272;42,0;3275472,0;D0
2020-10-07;CBIO;128;323815;40,0;41,62819502;45,0;13547230,0;D0
2020-10-08;CBIO;118;300428;42,5;42,98055611;43,5;12887926,0;D0
2020-10-09;CBIO;37;58241;42,0;42,91666667;44,0;2500363,0;D0
2020-10-13;CBIO;169;742241;42,5;45,28972907;49,0;34289462,0;D0
2020-10-14;CBIO;356;1303696;45,0;49,38706563;50,5;64443165,37;D0
2020-10-15;CBIO;56;106148;49,0;49,9598339;50,5;5306216,0;D0
2020-10-16;CBIO;111;205571;49,5;49,93966442;50,5;10271961,75;D0
2020-10-19;CBIO;100;184473;49,9;50,23694767;51,0;9253389,8;D0
2020-10-20;CBIO;213;1070282;50,0;50,19293354;52,0;53546535,0;D0
2020-10-21;CBIO;48;193874;50,0;50,96493582;51,5;9855539,9;D0
2020-10-22;CBIO;529;2182682;51,0;54,85142017;58,0;120107726,8;D0
2020-10-23;CBIO;275;1033898;58,0;58,92446613;65,0;60272942,0;D0
2020-10-26;CBIO;82;113983;59,0;61,7346154;66,0;7098430,0;D0
2020-10-27;CBIO;27;56586;61,0;62,46666667;65,0;3550964,2;D0
2020-10-28;CBIO;60;171910;58,0;61,44390496;65,0;10321756,95;D0
2020-10-29;CBIO;15;27885;62,0;64,61111111;67,0;1751712,0;D0
2020-10-30;CBIO;95;506596;62,0;62,17613636;68,0;31408983,0;D0
2020-11-04;CBIO;12;4524;58,0;59,68505017;72,0;266412,0;D0
2020-11-05;CBIO;32;52203;50,0;51,75325725;58,5;2725855,0;D0
2020-11-06;CBIO;12;21090;49,0;50,03571429;52,0;1048045,0;D0
2020-11-09;CBIO;12;122300;46,0;48,0453765;50,0;5681725,0;D0
2020-11-10;CBIO;50;84246;40,0;45,9098005;48,0;3822079,0;D0
2020-11-11;CBIO;12;5943;36,0;37,2881;40,0;220126,0;D0
2020-11-12;CBIO;68;117545;39,0;39,58852165;41,0;4651759,0;D0
2020-11-13;CBIO;24;24149;40,0;40,25946431;41,0;973745,5;D0
2020-11-16;CBIO;42;163612;40,0;40,68998056;41,7;6619858,0;D0
2020-11-17;CBIO;161;385641;41,0;47,96447787;51,0;18524956,2;D0
2020-11-18;CBIO;38;57105;48,0;48,59368037;50,3;2800346,3;D0
2020-11-19;CBIO;55;333784;47,9;48,01233333;48,5;16025332,0;D0
2020-11-20;CBIO;23;28380;45,0;46,10666667;48,0;1298360,0;D0
2020-11-23;CBIO;19;13740;45,0;45,48;48,0;627900,0;D0
2020-11-24;CBIO;18;16203;44,0;44,8217391;46,0;739278,0;D0
2020-11-25;CBIO;47;153000;40,0;41,35619972;47,0;6184695,0;D0
2020-11-26;CBIO;84;454554;40,0;40,59553854;45,0;18250054,56;D0
2020-11-27;CBIO;48;251859;39,8;40,70769231;44,0;10113464,2;D0
2020-11-30;CBIO;127;118546;39,9;40,32925284;45,0;4756721,5;D0
2020-12-01;CBIO;191;861549;38,01;40,07519625;41,0;34529509,62;D0
2020-12-02;CBIO;87;176403;40,2;42,54216412;43,0;7479380,6;D0
2020-12-03;CBIO;70;290612;41,0;42,41152677;43,0;12301409,0;D0
2020-12-04;CBIO;48;173909;40,0;42,27806586;43,0;7355133,5;D0
2020-12-07;CBIO;114;376968;41,976;42,16552827;42,9;15869038,0;D0
2020-12-08;CBIO;337;979017;43,0;44,74190672;46,0;43786540,98;D0
2020-12-09;CBIO;185;802986;45,5;46,99280387;48,0;37796454,73;D0
2020-12-10;CBIO;454;1241963;47,5;48,71304098;50,0;60363647,69;D0
2020-12-11;CBIO;135;525499;48,5;49,06858325;50,0;25791352,7;D0
2020-12-14;CBIO;137;347870;47,0;48,88811453;49,9;16906947,23;D0
2020-12-15;CBIO;117;314772;38,0;41,63332921;47,4;13258433,02;D0
2020-12-16;CBIO;98;372460;35,0;38,3526155;42,5;14139099,0;D0
2020-12-17;CBIO;182;404514;25,51;34,49392782;39,6;13859381,11;D0
2020-12-18;CBIO;153;408952;32,51;34,20859046;39,6;13722304,74;D0
2020-12-21;CBIO;105;300649;32,03;33,12549253;49,0;10043370,24;D0
2020-12-22;CBIO;190;514968;33,0;33,91611336;36,0;17934771,94;D0
2020-12-23;CBIO;159;481680;34,0;36,507771;39,5;17557283,6;D0
2020-12-24;CBIO;87;190202;35,0;35,55656205;40,0;6760464,4;D0
2020-12-28;CBIO;54;90011;34,0;36,31230291;44,0;3266307,3;D0
2020-12-29;CBIO;236;662630;35,0;36,13402272;38,7;24487671,47;D0
2020-12-30;CBIO;149;374901;30,0;37,28360941;38,9;14145279,23;D0
2020-12-31;CBIO;4;4000;30,1;31,044493;31,5;123200,0;D0
2021-01-04;CBIO;20;17982;30,0;30,28486173;31,5;542660,0;D0
2021-01-06;CBIO;35;54031;30,0;30,76960611;31,0;1660246,0;D0
2021-01-07;CBIO;9;25326;30,0;30,0;30,0;759780,0;D0
2021-01-08;CBIO;21;47000;30,0;30,070028;30,5;1411500,0;D0
2021-01-11;CBIO;15;30124;30,0;31,2017986;35,7;940244,5;D0
2021-01-12;CBIO;24;29200;31,0;31,8125;32,5;931900,0;D0
2021-01-13;CBIO;12;32739;31,9;32,02564375;32,5;1052571,2;D0
2021-01-14;CBIO;55;63500;31,6;31,99900384;32,5;2029290,0;D0
2021-01-15;CBIO;16;31122;31,8;31,95314586;32,4;993791,8;D0
2021-01-18;CBIO;33;118826;31,85;31,904908;32,4;3791404,4;D0
2021-01-19;CBIO;27;70600;31,0;31,80769231;31,9;2233540,0;D0
2021-01-20;CBIO;80;206242;31,532;31,97759214;32,5;6586594,78;D0
2021-01-21;CBIO;63;170876;31,9;32,21837315;34,0;5474373,38;D0
2021-01-22;CBIO;33;74926;31,581;31,92019525;32,0;2391064,91;D0
2021-01-25;CBIO;2;600;32,0;32,0;32,0;19200,0;D0
2021-01-26;CBIO;16;22910;31,7;31,91666667;32,0;730471,4;D0
2021-01-27;CBIO;21;95560;31,9;31,9753145;32,3;3055726,12;D0
2021-01-28;CBIO;152;253339;32,0;32,01014085;32,16;8111845,92;D0
2021-01-29;CBIO;61;97188;32,0;32,08988156;32,6;3119757,0;D0
2021-02-01;CBIO;25;64038;32,0;32,10195492;32,25;2051575,5;D0
2021-02-02;CBIO;27;55808;32,0;32,14062318;32,9;1789658,62;D0
2021-02-03;CBIO;22;46645;32,2;32,29025913;32,5;1503292,2;D0
2021-02-04;CBIO;47;112796;32,0;32,19238547;32,5;3621504,2;D0
2021-02-05;CBIO;83;125860;32,1;32,28561826;32,5;4061384,3;D0
2021-02-08;CBIO;45;62544;32,0;32,10464427;34,7;2008756,0;D0
2021-02-09;CBIO;10;29582;32,2;32,31;32,5;955303,36;D0
2021-02-10;CBIO;35;82690;32,2;32,3563854;32,85;2671705,91;D0
2021-02-11;CBIO;36;48386;31,8;32,12599435;32,4;1550577,7;D0
2021-02-12;CBIO;37;113911;32,2;32,269311;32,5;3672364,36;D0
2021-02-17;CBIO;15;36738;32,23;32,29;32,4;1185526,34;D0
2021-02-18;CBIO;9;25200;32,0;32,03925217;32,2;807440,0;D0
2021-02-19;CBIO;162;280717;32,1;32,11672827;32,73;9015770,83;D0
2021-02-22;CBIO;91;323094;31,7889;32,13034146;32,65;10375738,05;D0
2021-02-23;CBIO;47;149511;32,1;32,1491516;32,73;4804690,09;D0
2021-02-24;CBIO;106;274557;32,1;32,12608658;32,26;8818121,4;D0
2021-02-25;CBIO;93;167189;32,0;32,10792473;32,26;5368474,18;D0
2021-02-26;CBIO;107;217000;32,07;32,09754717;32,1;6965280,0;D0
2021-03-01;CBIO;29;46808;32,0;32,07352941;32,1;1500580,0;D0
2021-03-02;CBIO;96;93339;31,94;32,01642248;32,1;2987399,06;D0
2021-03-03;CBIO;51;49915;31,5;31,75602445;31,97;1585952,5;D0
2021-03-04;CBIO;124;250515;30,5;31,33672378;32,1;7869567,6;D0
2021-03-05;CBIO;48;98903;30,0;30,2797875;31,9;2990853,6;D0
2021-03-08;CBIO;79;80093;30,0;30,30142333;32,05;2427530,0;D0
2021-03-09;CBIO;47;121910;30,0;30,132031;31,0;3663250,0;D0
2021-03-10;CBIO;52;89131;29,5;29,83124806;31,0;2657557,6;D0
2021-03-11;CBIO;32;54124;29,5;29,81288965;31,1;1603069,0;D0
2021-03-12;CBIO;20;20000;29,7;30,47;31,0;609119,5;D0
2021-03-15;CBIO;110;125877;29,6;29,84671043;30,7;3759924,0;D0
2021-03-16;CBIO;54;121573;29,5;29,56076533;29,7;3591677,3;D0
2021-03-17;CBIO;33;45923;29,4;29,51555535;29,65;1353629,9;D0
2021-03-18;CBIO;146;267369;29,1;29,33581926;29,5;7845725,95;D0
2021-03-19;CBIO;55;121645;29,1;29,28709436;30,0;3552028,5;D0
2021-03-22;CBIO;89;198358;29,0;29,06646752;29,2;5765738,1;D0
2021-03-23;CBIO;71;163096;28,7;28,83847319;29,0;4695445,24;D0
2021-03-24;CBIO;50;144886;28,51;28,64511128;28,75;4152862,6;D0
2021-03-25;CBIO;151;284653;28,5;28,57783223;28,65;8135897,04;D0
2021-03-26;CBIO;85;91976;28,45;28,52264389;30,7;2627328,75;D0
2021-03-29;CBIO;121;171440;28,45;28,46997429;28,6;4880190,15;D0
2021-03-30;CBIO;117;215543;28,0;28,11183298;29,23;6056577,5;D0
2021-03-31;CBIO;82;177021;28,0;28,48507846;29,9;5038565,8;D0
2021-04-01;CBIO;58;149754;27,75;28,73234408;28,9;4303460,2;D0
2021-04-05;CBIO;54;83930;28,7;28,97272727;29,0;2432669,8;D0
2021-04-06;CBIO;72;137648;28,5;29,39853618;29,8;4022814,5;D0
2021-04-07;CBIO;132;276143;29,7;29,98821545;30,25;8282334,3;D0
2021-04-08;CBIO;144;332079;30,0;30,48869565;30,85;10111959,5;D0
2021-04-09;CBIO;45;56786;30,25;30,7958142;30,85;1748494,6;D0
2021-04-12;CBIO;95;152958;30,85;30,90131714;32,05;4724656,84;D0
2021-04-13;CBIO;65;181308;30,9;30,92586207;30,95;5607466,8;D0
2021-04-14;CBIO;69;136312;30,9;30,96596774;32,0;4218526,44;D0
2021-04-15;CBIO;67;178388;30,95;30,996;31,0;5529461,12;D0
2021-04-16;CBIO;133;324418;30,99;30,99982456;31,0;10056918,0;D0
2021-04-19;CBIO;116;193829;30,5;30,73088747;32,05;5965897,55;D0
2021-04-20;CBIO;30;84770;30,85;30,95361417;31,0;2620740,56;D0
2021-04-22;CBIO;109;303167;31,0;31,15982817;32,0;9455327,5;D0
2021-04-23;CBIO;47;220850;31,0;31,18944635;31,4;6887128,9;D0
2021-04-26;CBIO;26;54538;31,0;31,10161181;32,3;1697213,6;D0
2021-04-27;CBIO;84;119730;31,0;31,01106457;31,5;3712488,36;D0
2021-04-28;CBIO;74;149263;30,7;30,92433184;31,19;4613353,9;D0
2021-04-29;CBIO;59;174640;30,7;30,89903004;31,0;5394786,0;D0
2021-04-30;CBIO;89;225769;30,7;30,79211297;30,95;6947559,43;D0
2021-05-03;CBIO;56;160342;30,6;30,70108696;30,8;4922899,4;D0
2021-05-04;CBIO;63;68732;30,65;31,30511715;32,2;2141612,12;D0
2021-05-05;CBIO;82;298751;30,55;30,74048846;31,3;9188165,5;D0
2021-05-06;CBIO;66;143470;30,7;30,7275448;30,75;4408058,16;D0
2021-05-07;CBIO;130;316706;29,75;30,70519227;30,8535;9727266,53;D0
2021-05-10;CBIO;11;24750;30,65;30,6875;30,7;759762,35;D0
2021-05-11;CBIO;55;161657;29,7;30,67865484;30,8033;4961227,18;D0
2021-05-12;CBIO;75;269617;28,53;30,47243035;30,8325;8255566,08;D0
2021-05-13;CBIO;93;284523;30,6;30,65694437;30,80325;8725932,75;D0
2021-05-14;CBIO;158;269292;30,64;30,67375338;30,80325;8260022,45;D0
2021-05-17;CBIO;67;221708;30,65;30,6712217;30,8033;6801203,45;D0
2021-05-18;CBIO;46;70017;29,7;30,61215281;30,753;2143992,96;D0
2021-05-19;CBIO;74;247650;30,55;30,63881316;31,6;7580248,14;D0
2021-05-20;CBIO;123;214197;30,55;30,58406594;30,70275;6549290,61;D0
2021-05-21;CBIO;117;139523;30,5;30,54883854;30,59;4260081,85;D0
2021-05-24;CBIO;53;105924;30,46;30,49715071;30,60225;3229411,84;D0
2021-05-25;CBIO;43;110176;30,45;30,50039669;31,0;3358566,38;D0
2021-05-26;CBIO;100;215030;30,42;30,44973752;30,60225;6548054,99;D0
2021-05-27;CBIO;55;118226;29,46;30,42709834;30,65;3598665,89;D0
2021-05-28;CBIO;109;255684;30,0;30,23783165;30,38;7724680,1;D0
2021-05-31;CBIO;16;32500;29,98;30,03111111;30,15;976470,0;D0
2021-06-01;CBIO;21;199996;29,5;29,62356291;29,91;5915564,4;D0
2021-06-02;CBIO;70;56553;28,65;29,65732087;30,4;1674740,31;D0
2021-06-04;CBIO;60;154118;29,5;29,59110814;30,0;4557742,34;D0
2021-06-07;CBIO;9;27148;29,5;29,5509681;29,95;802524,4;D0
2021-06-08;CBIO;120;359652;29,5;29,57482589;29,94;10630494,99;D0
2021-06-09;CBIO;94;292456;29,0;29,18695644;29,6;8526629,5;D0
2021-06-10;CBIO;94;274972;28,5;28,5695432;29,5;7862306,2;D0
2021-06-11;CBIO;45;46020;28,3;28,51520833;28,6;1309702,0;D0
2021-06-14;CBIO;75;103700;28,38;28,71929632;29,1;2973309,49;D0
2021-06-15;CBIO;42;71207;28,35;28,42264954;28,9;2021729,51;D0
2021-06-16;CBIO;99;273407;28,35;28,43770987;28,9;7779312,1;D0
2021-06-17;CBIO;66;211692;28,3;28,38069731;28,55;6002538,2;D0
2021-06-18;CBIO;35;80780;28,2;28,35563029;29,0;2288384,0;D0
2021-06-21;CBIO;102;165592;28,25;28,4644786;28,8;4700499,6;D0
2021-06-22;CBIO;50;48289;28,05;28,212;28,8;1361977,2;D0
2021-06-23;CBIO;109;246319;28,0;28,17478217;30,99;6941293,19;D0
2021-06-24;CBIO;54;192326;27,8;27,83438964;28,0;5355211,77;D0
2021-06-25;CBIO;28;28720;27,5;27,97166667;28,3;803014,12;D0
2021-06-28;CBIO;44;112080;27,9;27,96161062;28,0;3135082,0;D0
2021-06-29;CBIO;123;200942;27,65;27,93380808;28,5;5611800,29;D0
2021-06-30;CBIO;73;137946;27,7;27,80409925;27,939;3836424,17;D0
2021-07-01;CBIO;133;230455;27,7;27,77003585;28,1;6401118,65;D0
2021-07-02;CBIO;56;129430;27,7;27,75929313;27,88875;3591473,88;D0
2021-07-05;CBIO;35;57732;27,65;27,72578055;27,95;1600576,4;D0
2021-07-06;CBIO;66;135478;27,6;27,68497935;28,5;3749657,6;D0
2021-07-07;CBIO;102;216631;27,55;27,63100587;28,01;5985231,76;D0
2021-07-08;CBIO;23;38498;27,6;27,64318182;27,7;1063619,7;D0
2021-07-09;CBIO;29;42184;26,75;27,44572727;27,788;1161103,97;D0
2021-07-12;CBIO;15;55140;27,65;27,68676905;27,98;1524667,2;D0
2021-07-13;CBIO;52;147878;27,45;27,60770999;27,9;4083674,29;D0
2021-07-14;CBIO;98;159988;27,55;27,64588043;28,0;4422110,74;D0
2021-07-15;CBIO;81;142544;27,55;27,59970428;27,853;3934072,49;D0
2021-07-16;CBIO;45;134500;27,56;27,63165195;28,1;3712385,0;D0
2021-07-19;CBIO;47;92421;27,55;27,58154848;27,85;2548525,94;D0
2021-07-20;CBIO;48;163835;27,55;27,56665349;27,83;4517588,5;D0
2021-07-21;CBIO;56;128978;27,54;27,56218435;27,74;3555183,9;D0
2021-07-22;CBIO;53;235038;27,5;27,54569974;28,1;6472861,79;D0
2021-07-23;CBIO;53;184972;27,48;27,5044036;27,64;5087530,0;D0
2021-07-26;CBIO;35;155632;27,47;27,5354815;27,69;4280062,76;D0
2021-07-27;CBIO;61;147632;27,48;27,52583521;27,8;4064356,55;D0
2021-07-28;CBIO;70;123634;27,45;27,49229949;27,79;3400741,85;D0
2021-07-29;CBIO;42;143583;27,4;27,51124708;28,0;3949461,03;D0
2021-07-30;CBIO;126;258878;27,46;27,4787592;27,76;7115638,94;D0
2021-08-02;CBIO;17;25630;27,45;27,58983769;27,77;707127,54;D0
2021-08-03;CBIO;56;84379;27,45;27,49247341;27,79;2319787,4;D0
2021-08-04;CBIO;44;75713;27,46;27,53273163;27,77;2084585,68;D0
2021-08-05;CBIO;56;145578;27,46;27,55855252;29,0;4011918,96;D0
2021-08-06;CBIO;91;195284;27,46;27,51047863;27,68;5372356,26;D0
2021-08-09;CBIO;51;141000;27,46;27,55546099;28,0;3885320,0;D0
2021-08-10;CBIO;50;136090;27,45;27,49761003;27,77;3742149,74;D0
2021-08-11;CBIO;45;85391;27,47;27,53087901;28,0;2350889,29;D0
2021-08-12;CBIO;51;153929;27,47;27,52780876;28,05;4237328,05;D0
2021-08-13;CBIO;28;76074;27,47;27,50382463;27,60735;2092325,94;D0
2021-08-16;CBIO;52;140808;27,49;27,57731038;27,8;3883105,88;D0
2021-08-17;CBIO;63;84194;27,48;27,5348644;27,72;2318270,37;D0
2021-08-18;CBIO;61;143511;27,5;27,54865369;27,83;3953534,84;D0
2021-08-19;CBIO;27;64674;27,52;27,5350521;27,6;1780801,96;D0
2021-08-20;CBIO;47;200380;27,45;27,56693211;27,9;5523861,83;D0
2021-08-23;CBIO;69;118730;26,85;27,60788233;27,9;3277883,87;D0
2021-08-24;CBIO;22;25857;27,62;27,63030436;27,65;714436,78;D0
2021-08-25;CBIO;156;261966;27,68;27,74955483;27,97;7269439,82;D0
2021-08-26;CBIO;66;113352;26,85;27,82039876;28,1;3153497,8;D0
2021-08-27;CBIO;52;98437;26,85;28,22428572;30,0;2778314,0;D0
2021-08-30;CBIO;441;755600;28,05;29,91359449;30,5;22602712,0;D0
2021-08-31;CBIO;60;144588;27,939;30,60554961;31,4;4425195,2;D0
2021-09-01;CBIO;83;159143;30,05;31,25698993;31,5;4974331,15;D0
2021-09-02;CBIO;102;301436;31,05;32,57266769;34,0;9818574,64;D0
2021-09-03;CBIO;472;1570639;27,82;36,46583456;43,5;57274661,94;D0
2021-09-06;CBIO;96;177907;33,55;39,96520052;42,0;7110088,93;D0
2021-09-08;CBIO;4;3107;36,3;39,66781461;42,0;123247,9;D0
2021-09-09;CBIO;84;360358;40,0;40,25469946;42,0;14506102,99;D0
2021-09-10;CBIO;475;1474497;40,0;44,55249752;47,3;65692523,95;D0
2021-09-13;CBIO;89;202582;41,0;45,93999565;47,2;9306616,19;D0
2021-09-14;CBIO;193;475959;41,0;45,72943383;46,9;21765335,6;D0
2021-09-15;CBIO;229;388439;40,0;43,72330386;45,21;16983836,43;D0
2021-09-16;CBIO;365;1168418;40,0;43,48376222;46,9;50807210,48;D0
2021-09-17;CBIO;208;319710;43,05;43,52648773;44,0;13915853,22;D0
2021-09-20;CBIO;523;2166200;43,05;44,84697615;45,7275;97147519,67;D0
2021-09-21;CBIO;326;981677;43,637;47,30465478;48,7;46437891,56;D0
2021-09-22;CBIO;181;458796;48,0;48,82742493;49,9;22401827,21;D0
2021-09-23;CBIO;84;235395;48,0;48,30236779;48,7425;11370135,81;D0
2021-09-24;CBIO;125;190100;45,89;47,96277464;48,5;9117723,46;D0
2021-09-27;CBIO;181;289441;47,5;47,66471142;49,0;13796121,74;D0
2021-09-28;CBIO;50;131336;43,55;46,68414212;47,5;6131308,49;D0
2021-09-29;CBIO;148;335650;45,0;45,91465201;47,0;15411252,94;D0
2021-09-30;CBIO;130;272812;43,55;45,02895867;47,0;12284440,23;D0
2021-10-01;CBIO;113;253592;44,5;44,70731683;45,5;11337417,82;D0
2021-10-04;CBIO;94;206094;36,2;44,21856871;47,2;9113181,7;D0
2021-10-05;CBIO;100;239308;44,0;44,05248967;46,0;10542113,2;D0
2021-10-06;CBIO;56;120173;44,0;44,17054205;46,0;5308106,55;D0
2021-10-07;CBIO;82;91059;42,95;44,01009784;45,8;4007515,5;D0
2021-10-08;CBIO;92;149843;35,8;44,05620906;46,8;6601514,5;D0
2021-10-11;CBIO;74;104423;43,05;43,96989839;44,3;4591468,66;D0
2021-10-13;CBIO;20;63271;43,76;43,83380442;43,95;2773408,64;D0
2021-10-14;CBIO;101;223013;43,75;43,84178954;45,8;9777288,91;D0
2021-10-15;CBIO;58;65316;42,8;43,91545731;44,5;2868382,0;D0
2021-10-18;CBIO;46;69052;43,75;43,83683557;44,05;3027021,17;D0
2021-10-19;CBIO;128;174462;43,7;43,81720979;45,8;7644437,99;D0
2021-10-20;CBIO;126;292556;42,8;43,75641166;45,8;12801200,75;D0
2021-10-21;CBIO;197;428833;43,0;43,53441919;45,6;18668995,56;D0
2021-10-22;CBIO;88;247209;43,0;43,09700415;44,0;10653967,3;D0
2021-10-25;CBIO;245;253348;42,76;42,89784549;43,1;10868083,33;D0
2021-10-26;CBIO;113;152153;41,8;42,8407731;45,0;6518352,08;D0
2021-10-27;CBIO;71;163320;41,55;42,56180749;44,5;6951194,4;D0
2021-10-28;CBIO;70;110481;41,55;42,50665725;42,7125;4696177,93;D0
2021-10-29;CBIO;106;235345;41,55;42,64483927;43,0;10036249,69;D0
2021-11-01;CBIO;106;216415;42,05;43,14528007;44,0;9337285,72;D0
2021-11-03;CBIO;44;44629;43,0;43,56869524;43,818;1944427,29;D0
2021-11-04;CBIO;115;600931;43,6;44,21008227;45,0;26567208,95;D0
2021-11-05;CBIO;168;395911;42,7125;45,03756803;47,0;17830868,58;D0
2021-11-08;CBIO;76;220147;45,2;45,50863712;47,5;10018589,93;D0
2021-11-09;CBIO;169;530739;44,05;47,64395693;49,0;25286506,03;D0
2021-11-10;CBIO;183;385737;43,85;47,91110419;49,5;18481085,53;D0
2021-11-11;CBIO;73;168530;44,5;47,96805494;49,5;8084056,3;D0
2021-11-12;CBIO;105;200833;47,0;47,47911946;49,5;9535373,99;D0
2021-11-16;CBIO;48;97923;45,55;47,11553414;49,45;4613694,45;D0
2021-11-17;CBIO;147;272637;46,3;47,46174713;49,5;12939828,31;D0
2021-11-18;CBIO;128;265803;47,1;47,59083306;49,5;12649786,16;D0
2021-11-19;CBIO;55;164460;29,37;47,61417809;49,5;7830627,7;D0
2021-11-22;CBIO;72;247220;46,65;47,85541784;49,5;11830816,4;D0
2021-11-23;CBIO;114;307168;29,37;47,80804057;49,5;14685100,18;D0
2021-11-24;CBIO;140;228543;29,37;47,78611695;49,5;10921182,52;D0
2021-11-25;CBIO;145;224963;46,95;48,06990682;48,6;10813950,45;D0
2021-11-26;CBIO;113;320744;47,6;48,71020922;50,0;15623507,34;D0
2021-11-29;CBIO;86;213829;48,05;48,95022728;51,0;10466978,15;D0
2021-11-30;CBIO;134;219048;47,6;49,12577772;51,5;10760903,36;D0
2021-12-01;CBIO;159;311935;48,6;49,18103691;51,0;15341286,75;D0
2021-12-02;CBIO;162;260520;48,05;49,26409143;51,0;12834281,1;D0
2021-12-03;CBIO;70;127049;49,0;49,24453085;51,0;6256468,4;D0
2021-12-06;CBIO;143;301366;49,0;49,71816618;51,5;14983364,87;D0
2021-12-07;CBIO;180;450349;49,05;50,71661231;52,7;22840175,64;D0
2021-12-08;CBIO;283;769980;50,25;53,8618089;55,0;41472515,62;D0
2021-12-09;CBIO;220;503009;50,0;54,8570312;57,5;27593580,39;D0
2021-12-10;CBIO;285;594652;53,24;59,52667284;62,0;35397655,06;D0
2021-12-13;CBIO;169;427689;53,24;62,04236229;64,0;26534835,84;D0
2021-12-14;CBIO;174;363029;60,0;62,45535856;66,0;22673106,34;D0
2021-12-15;CBIO;178;218863;56,0;59,89827152;64,5;13109515,4;D0
2021-12-16;CBIO;51;105410;58,0;59,63778104;63,0;6286418,5;D0
2021-12-17;CBIO;74;171610;56,0;60,34462152;63,0;10355740,5;D0
2021-12-20;CBIO;68;122731;56,0;59,36257832;60,0;7285628,6;D0
2021-12-21;CBIO;229;290674;57,55;60,24226883;61,55;17510861,25;D0
2021-12-22;CBIO;110;431532;57,75;59,11369643;60,12;25509451,65;D0
2021-12-23;CBIO;262;669751;59,05;59,62194146;65,0;39931854,92;D0
2021-12-24;CBIO;37;139399;59,75;59,97696827;60,02;8360729,4;D0
2021-12-27;CBIO;42;100887;59,8;60,29705016;62,0;6083188,5;D0
2021-12-28;CBIO;125;242339;58,43;60,32749283;61,5;14581926,11;D0
2021-12-29;CBIO;150;232893;56,55;59,51351672;61,12;13860281,45;D0
2021-12-30;CBIO;54;156808;57,5;58,6712924;61,8;9200128,02;D0
2022-01-05;CBIO;149;77990;39,55;45,45867444;55,0;3545322,02;D0
2022-01-06;CBIO;56;65654;47,57;52,57765878;53,5;3451933,59;D0
2022-01-07;CBIO;65;31619;53,02;53,33302413;53,667;1686336,79;D0
2022-01-10;CBIO;23;30884;53,2;53,38237614;53,9;1648661,29;D0
2022-01-11;CBIO;95;130245;53,03;54,86877402;55,275;7146383,42;D0
2022-01-12;CBIO;20;53900;53,05;55,64151205;56,0;2999077,5;D0
2022-01-13;CBIO;32;69156;54,8;55,65982127;56,0;3849210,6;D0
2022-01-14;CBIO;60;69518;54,8;55,69435254;56,3;3871760,0;D0
2022-01-17;CBIO;53;98084;56,0;56,29864198;56,5;5521996,0;D0
2022-01-18;CBIO;96;77930;55,97;57,09783767;57,5;4449634,49;D0
2022-01-19;CBIO;258;342109;55,01;60,26977971;61,9;20618833,92;D0
2022-01-20;CBIO;238;410301;60,05;62,11679732;62,9;25486584,06;D0
2022-01-21;CBIO;299;745036;34,0;66,00115944;71,0;49173239,79;D0
2022-01-24;CBIO;165;299038;62,35;69,006079;70,35;20635439,88;D0
2022-01-25;CBIO;59;85969;68,0;69,94877223;71,0;6013426,0;D0
2022-01-26;CBIO;124;227024;68,05;69,95028279;70,2495;15880392,94;D0
2022-01-27;CBIO;65;148302;62,35;69,74444011;70,2495;10343239,95;D0
2022-01-28;CBIO;171;579705;69,61;70,45017675;71,0;40840319,64;D0
2022-01-31;CBIO;73;108606;68,74;70,49318785;71,0;7655983,16;D0
2022-02-01;CBIO;88;144153;70,5;71,39186454;72,0;10291351,45;D0
2022-02-02;CBIO;107;244409;72,05;72,93960222;75,0;17827095,24;D0
2022-02-03;CBIO;161;424162;45,0;74,29223552;75,2;31511943,2;D0
2022-02-04;CBIO;217;473481;68,96;77,3731976;79,0;36634738,93;D0
2022-02-07;CBIO;87;331301;71,0;78,79885119;79,7;26106138,19;D0
2022-02-08;CBIO;160;366776;68,96;80,23665531;83,0;29428879,47;D0
2022-02-09;CBIO;73;73000;31,99;80,36504602;82,41;5866648,36;D0
2022-02-10;CBIO;117;186184;68,96;82,58781213;83,5;15376529,21;D0
2022-02-11;CBIO;156;433819;83,5;85,12099138;87,5;36927103,36;D0
2022-02-14;CBIO;209;407870;86,6;89,3525358;90,2;36444218,78;D0
2022-02-15;CBIO;135;204286;72,21;89,80048764;91,65;18344982,41;D0
2022-02-16;CBIO;130;128888;79,05;91,96681196;93,0;11853418,46;D0
2022-02-17;CBIO;159;153609;87,05;92,88040173;93,0;14267265,63;D0
2022-02-18;CBIO;357;851565;73,15;95,30281992;98,0;81156545,84;D0
2022-02-21;CBIO;72;104268;73,93;93,80560699;97,0;9780923,03;D0
2022-02-22;CBIO;145;160040;73,93;94,10894951;96,5;15061196,25;D0
2022-02-23;CBIO;136;121730;73,93;95,64409422;96,5;11642755,59;D0
2022-02-24;CBIO;434;446196;92,55;97,15498075;98,49;43350163,79;D0
2022-02-25;CBIO;364;659645;72,61;98,89259227;100,0;65234004,03;D0
2022-03-02;CBIO;150;337551;78,8925;100,3383765;101,0;33869319,33;D0
2022-03-03;CBIO;78;183931;99,05;101,3447472;101,5;18640440,7;D0
2022-03-04;CBIO;124;198573;99,05;100,277397;101,0;19912383,55;D0
2022-03-07;CBIO;133;181760;89,75927922;100,1593919;100,5;18204971,05;D0
2022-03-08;CBIO;36;48869;97,5;98,667489;100,0;4821781,49;D0
2022-03-09;CBIO;66;143476;87,05;98,09263798;99,0;14073939,3;D0
2022-03-10;CBIO;97;216128;87,05;98,77238141;99,5;21347477,23;D0
2022-03-11;CBIO;66;116683;97,05;98,0875364;98,49;11445148,01;D0
2022-03-14;CBIO;127;243903;96,05;98,07383775;98,49;23920503,25;D0
2022-03-15;CBIO;119;325934;97,0;98,02234731;98,49;31948815,75;D0
2022-03-16;CBIO;207;440829;98,0;98,26145953;98,691;43316500,81;D0
2022-03-17;CBIO;90;276902;98,05;98,58524288;99,0;27298450,87;D0
2022-03-18;CBIO;168;479106;98,5;98,89509891;100,0;47381235,26;D0
2022-03-21;CBIO;245;445141;98,0;99,85220357;100,5;44448309,75;D0
2022-03-22;CBIO;478;598556;98,75;99,03163112;99,5;59275976,97;D0
2022-03-23;CBIO;82;89304;95,45;98,52834083;99,0;8798974,95;D0
2022-03-24;CBIO;119;183472;97,05;98,27812254;98,5;18031283,7;D0
2022-03-25;CBIO;117;198258;97,0;97,89723239;98,49;19408909,49;D0
2022-03-28;CBIO;107;178268;95,05;96,38274171;97,49;17181958,6;D0
2022-03-29;CBIO;141;191768;94,5;95,35575099;95,72625;18286181,63;D0
2022-03-30;CBIO;210;270014;89,0;92,6257194;95,0;25010241,0;D0
2022-03-31;CBIO;306;560182;87,55;92,55545497;100,0;51847899,88;D0
2022-04-01;CBIO;97;192594;89,05;94,2605048;99,0;18154007,64;D0
2022-04-04;CBIO;38;28309;89,445;93,53259617;98,59;2647814,25;D0
2022-04-05;CBIO;178;112653;89,445;93,28140139;99,0;10508429,66;D0
2022-04-06;CBIO;173;86345;93,69;94,25523099;95,0;8138467,92;D0
2022-04-07;CBIO;96;90202;93,5655;94,94151054;96,5;8563914,13;D0
2022-04-08;CBIO;688;1650478;93,7;99,23024554;100,0;163777337,2;D0
2022-04-11;CBIO;9;1962;96,0;96,235474;97,0;188814,0;D0
2022-04-12;CBIO;60;138536;95,0;97,57670995;99,0;13517887,09;D0
2022-04-13;CBIO;121;228734;94,61;98,36198195;99,0;22498729,58;D0
2022-04-14;CBIO;289;747184;97,485;100,1901876;101,0;74860504,95;D0
2022-04-18;CBIO;27;78134;99,5;99,5893337;101,0;7781313,0;D0
2022-04-19;CBIO;70;89550;98,15;99,59491345;99,99;8918724,5;D0
2022-04-20;CBIO;135;250574;96,4;99,52386747;100,0;24938093,51;D0
2022-04-22;CBIO;105;100733;98,15;99,45078673;99,55;10017976,1;D0
2022-04-25;CBIO;51;53230;98,05;99,64241616;99,9975;5303965,73;D0
2022-04-26;CBIO;135;326032;98,55;99,56448075;99,9975;32461206,66;D0
2022-04-27;CBIO;118;197424;98,15;99,49945614;100,0;19643580,57;D0
2022-04-28;CBIO;101;363707;98,15;99,52984154;99,9975;36199700,01;D0
2022-04-29;CBIO;128;170646;99,0;99,38293768;99,6;16959300,78;D0
2022-05-02;CBIO;99;201834;91,0;99,66494192;100,0;20115773,88;D0
2022-05-03;CBIO;240;825669;99,01;100,4900388;101,0;82971509,78;D0
2022-05-04;CBIO;86;105935;98,45;99,85530714;100,299;10578171,88;D0
2022-05-05;CBIO;138;311746;98,65;100,136688;101,0;31217211,77;D0
2022-05-06;CBIO;123;302547;100,0;100,6657711;101,4045;30456127,05;D0
2022-05-09;CBIO;72;144169;99,91;101,0164646;101,4045;14563442,64;D0
2022-05-10;CBIO;133;281344;100,0;101,3442051;101,89;28512584,03;D0
2022-05-11;CBIO;125;312392;101,0;101,931337;102,4905;31842534,15;D0
2022-05-12;CBIO;106;124717;100,05;102,0144097;104,5;12722931,09;D0
2022-05-13;CBIO;62;97156;102,0;102,3110127;102,75;9940128,75;D0
2022-05-16;CBIO;145;163279;101,95;102,9080845;103,5;16802729,02;D0
2022-05-17;CBIO;214;475692;102,0;104,6970351;107,0;49803542,0;D0
2022-05-18;CBIO;223;445521;106,0;108,3770775;110,0;48284263,96;D0
2022-05-19;CBIO;51;148350;106,0;108,4165356;109,5;16083593,05;D0
2022-05-20;CBIO;65;104677;100,6;108,3870096;109,25;11345627,0;D0
2022-05-23;CBIO;242;456210;108,0;109,8363827;111,0;50108456,15;D0
2022-05-24;CBIO;514;1052955;108,0;114,1588132;116,5;120204093,1;D0
2022-05-25;CBIO;362;820602;114,5;118,4055693;120,0;97163846,72;D0
2022-05-26;CBIO;127;449257;108,76;119,265556;120,3;53580885,89;D0
2022-05-27;CBIO;296;334531;109,82;117,784603;120,0;39402601,02;D0
2022-05-30;CBIO;60;55002;110,32;118,3951311;119,5;6511969,0;D0
2022-05-31;CBIO;156;349685;108,5;119,0609351;130,0;41633823,08;D0
2022-06-01;CBIO;124;254772;118,55;119,4766476;120,06995;30439304,42;D0
2022-06-02;CBIO;81;121963;119,0;119,5525901;120,35;14580992,55;D0
2022-06-03;CBIO;191;185480;118,55;119,5589322;120,2;22175790,62;D0
2022-06-06;CBIO;65;93624;119,0;119,8039466;120,5;11216524,69;D0
2022-06-07;CBIO;139;272268;118,95;120,0268679;123,0;32679475,16;D0
2022-06-08;CBIO;225;407288;119,0;120,279971;121,1025;48988588,77;D0
2022-06-09;CBIO;750;1167732;120,0;125,9267031;130,65;147048640,8;D0
2022-06-10;CBIO;108;146889;121,6;128,9110859;132,0;18935620,5;D0
2022-06-13;CBIO;165;395420;120,38;131,1086867;133,15;51842996,9;D0
2022-06-14;CBIO;101;155027;120,38;133,2193153;137,0;20652590,8;D0
2022-06-15;CBIO;294;637680;120,04;142,0688523;147,9;90594465,74;D0
2022-06-17;CBIO;405;1176876;146,73;156,3177389;168,0;183966595,3;D0
2022-06-20;CBIO;177;489399;121,36;169,4883519;171,74445;82947429,93;D0
2022-06-21;CBIO;239;341392;120,5;170,7264974;175,0;58284660,41;D0
2022-06-22;CBIO;183;373027;121,5;171,4247184;173,0;63946048,41;D0
2022-06-23;CBIO;558;1353468;121,45;174,0466305;177,5;235566544,7;D0
2022-06-24;CBIO;282;1009236;159,0;177,3159461;180,0;178953636,2;D0
2022-06-27;CBIO;1016;1049888;178,25;180,203745;183,0;189193749,4;D0
2022-06-28;CBIO;260;1037622;179,6;186,7029441;188,8;193727082,3;D0
2022-06-29;CBIO;494;931265;160,99;196,9111722;205,0;183376482,7;D0
2022-06-30;CBIO;230;369484;194,0;202,6518418;209,5;74876613,0;D0
2022-07-01;CBIO;212;434677;180,54;196,3293242;200,799;85339841,59;D0
2022-07-04;CBIO;40;90062;179,04;196,4655873;200,0;17694083,72;D0
2022-07-05;CBIO;118;388988;191,0;196,6571253;205,0;76497261,81;D0
2022-07-06;CBIO;189;423412;196,0;197,2604316;206,0;83522433,78;D0
2022-07-07;CBIO;136;179794;195,05;196,3091962;199,0;35295215,61;D0
2022-07-08;CBIO;512;708667;194,5;195,1702641;197,0;138310724,9;D0
2022-07-11;CBIO;156;260807;193,05;194,1914066;195,8243;50646478,15;D0
2022-07-12;CBIO;97;196611;193,0;194,2142327;200,0;38184654,5;D0
2022-07-13;CBIO;112;198534;192,0;193,5137567;199,5;38419060,18;D0
2022-07-14;CBIO;96;121185;180,0;188,8620374;193,5;22887246,0;D0
2022-07-15;CBIO;112;165324;164,2;175,2551717;184,99;28973886,0;D0
2022-07-18;CBIO;32;22052;150,0;153,9493017;177,0;3394890,0;D0
2022-07-19;CBIO;144;155817;112,0;126,0987813;168,0;19648333,8;D0
2022-07-20;CBIO;167;216801;76,0;108,083701;130,6;23432654,46;D0
2022-07-21;CBIO;137;254483;90,0;96,50624678;100,0;24559199,2;D0
2022-07-22;CBIO;99;161891;95,0;101,3158681;103,5;16402127,2;D0
2022-07-26;CBIO;125;187630;95,0;101,339232;110,0;19014280,1;D0
2022-07-27;CBIO;102;132811;95,0;99,34799527;101,0;13194506,6;D0
2022-07-28;CBIO;18;24112;98,5;99,48040519;100,0;2398671,53;D0
2022-07-29;CBIO;53;60796;90,0;93,56687775;98,1;5688491,9;D0
2022-08-01;CBIO;40;63314;90,0;93,89124048;95,0;5944630,0;D0
2022-08-02;CBIO;69;80597;89,05;95,57810712;179,0;7703308,7;D0
2022-08-03;CBIO;34;73790;89,05;90,40832091;93,0;6671230,0;D0
2022-08-04;CBIO;67;154202;90,0;90,45140854;92,5;13947788,1;D0
2022-08-05;CBIO;33;39812;89,5;90,15264869;92,0;3589157,25;D0
2022-08-08;CBIO;133;151740;88,6;89,56418182;90,25;13590468,95;D0
2022-08-09;CBIO;112;153837;89,5;90,10048037;95,0;13860787,6;D0
2022-08-10;CBIO;50;84151;89,5;90,01808594;90,45;7575111,95;D0
2022-08-11;CBIO;92;120466;89,05;90,28960951;91,75;10876828,1;D0
2022-08-12;CBIO;79;89660;90,0;90,84414766;94,1;8145086,28;D0
2022-08-15;CBIO;42;35231;91,0;91,45165621;94,1;3221933,3;D0
2022-08-16;CBIO;41;57474;90,55;91,42322963;93,0;5254458,7;D0
2022-08-17;CBIO;85;140850;90,25;90,99253177;91,5;12816298,1;D0
2022-08-18;CBIO;50;64365;90,0;90,81263264;91,25;5845155,1;D0
2022-08-19;CBIO;43;51134;90,0;90,63700571;93,47;4634632,65;D0
2022-08-22;CBIO;96;102819;89,05;90,07492535;90,8;9261413,75;D0
2022-08-23;CBIO;90;86832;89,05;90,3139027;93,02;7842136,8;D0
2022-08-24;CBIO;79;117809;89,5;90,09293135;93,02;10613758,12;D0
2022-08-25;CBIO;63;91507;89,0;89,90207962;93,02;8226669,6;D0
2022-08-26;CBIO;98;138647;89,5;89,69738023;90,1;12436272,64;D0
2022-08-29;CBIO;103;112962;87,55;88,81822117;89,6;10033083,9;D0
2022-08-30;CBIO;71;90550;87,05;88,22142904;93,02;7988450,4;D0
2022-08-31;CBIO;139;140665;86,85;87,75500508;88,6;12344057,78;D0
2022-09-01;CBIO;41;41608;86,4;86,84541554;87,9;3613464,05;D0
2022-09-02;CBIO;41;53184;86,0;86,56576978;87,1;4603913,9;D0
2022-09-05;CBIO;71;83343;85,1;85,87773958;86,75;7157308,45;D0
2022-09-06;CBIO;107;184542;77,05;82,33433792;85,6;15194143,39;D0
2022-09-08;CBIO;89;75825;62,0;68,186927;93,02;5170273,74;D0
2022-09-09;CBIO;86;158145;56,0;61,20776154;65,5;9679701,45;D0
2022-09-12;CBIO;74;70798;62,0;65,48410082;69,55;4636143,37;D0
2022-09-13;CBIO;89;151027;63,0;69,29057188;96,61;10464747,2;D0
2022-09-14;CBIO;58;78037;72,0;74,94731954;75,7;5848663,97;D0
2022-09-15;CBIO;90;106528;72,0;77,256135;80,0;8229941,54;D0
2022-09-16;CBIO;193;296877;74,37;88,9;87,5;24942120,6;D0
2022-09-19;CBIO;105;124252;85,0;87,89095547;89,5;10920627,0;D0
2022-09-20;CBIO;200;373794;85,0;89,8436687;91,0;33583024,26;D0
2022-09-21;CBIO;107;146548;80,02;89,17753637;90,0;13068789,6;D0
2022-09-22;CBIO;161;128164;68,0;87,46301808;89,7;11209610,24;D0
2022-09-23;CBIO;74;104654;72,0;87,73085309;89,5;9181384,7;D0
2022-09-26;CBIO;77;153569;87,0;87,10418769;87,6;13376503,0;D0
2022-09-27;CBIO;128;197650;66,0;86,9072979;90,0;17177227,43;D0
2022-09-28;CBIO;108;154223;87,0;87,23688036;89,0;13453933,4;D0
2022-09-29;CBIO;100;219358;86,05;87,1519986;88,0;19117488,1;D0
2022-09-30;CBIO;106;180893;87,0;88,01025081;89,0;15920438,3;D0
2022-10-03;CBIO;61;61530;88,0;88,39513245;89,0;5438952,5;D0
2022-10-04;CBIO;96;151032;88,0;88,45156125;89,9;13359016,2;D0
2022-10-05;CBIO;186;279749;65,1;88,87431876;90,0;24862501,8;D0
2022-10-06;CBIO;86;125886;88,0;88,98675468;90,0;11202186,6;D0
2022-10-07;CBIO;169;248610;88,05;89,04527251;89,9;22137545,2;D0
2022-10-10;CBIO;119;152883;89,0;89,36000634;90,9;13661625,85;D0
2022-10-11;CBIO;95;110863;89,0;89,35541885;90,2;9906209,8;D0
2022-10-13;CBIO;96;226693;88,15;89,02595051;90,5;20181559,8;D0
2022-10-14;CBIO;113;165946;88,55;89,19537801;89,5;14801616,2;D0
2022-10-17;CBIO;92;115662;88,0;89,2449374;89,6;10322247,95;D0
2022-10-18;CBIO;138;128335;88,0;89,07390891;89,6;11431300,1;D0
2022-10-19;CBIO;209;351729;87,25;88,75315427;90,0;31217058,2;D0
2022-10-20;CBIO;115;137986;88,05;88,86409708;89,35;12262001,3;D0
2022-10-21;CBIO;104;101906;88,7;88,90139098;89,1;9059585,15;D0
2022-10-24;CBIO;236;344536;88,86;89,2479764;89,9;30749140,8;D0
2022-10-25;CBIO;347;662397;88,55;89,89840814;91,0;59548435,86;D0
2022-10-26;CBIO;228;401318;89,55;90,78162778;92,0;36432301,3;D0
2022-10-27;CBIO;236;339759;90,15;91,91684399;92,5;31229575,0;D0
2022-10-28;CBIO;312;767967;89,0;93,68933128;100,5;71950314,68;D0
2022-10-31;CBIO;273;595957;90,2;97,78405537;100,5;58275092,29;D0
2022-11-01;CBIO;328;789211;99,0;100,6920451;102,0;79467269,6;D0
2022-11-03;CBIO;98;134762;98,0;101,1827399;103,0;13635588,4;D0
2022-11-04;CBIO;234;380721;98,0;102,158266;102,6;38893797,2;D0
2022-11-07;CBIO;122;99560;98,0;102,2134285;103,0;10176368,94;D0
2022-11-08;CBIO;185;164108;97,99;101,9150684;102,8;16725078,04;D0
2022-11-09;CBIO;426;363291;92,0;101,7929959;102,5;36980479,28;D0
2022-11-10;CBIO;172;221150;99,67;101,9067619;102,5;22536680,36;D0
2022-11-11;CBIO;145;139258;95,0;102,104333;102,8;14218845,21;D0
2022-11-14;CBIO;121;116962;101,5;102,0433645;102,45;11935196,0;D0
2022-11-16;CBIO;32;20607;100,05;101,4968045;102,5;2091544,65;D0
2022-11-17;CBIO;191;204971;101,6;102,1593837;103,5;20939711,04;D0
2022-11-18;CBIO;115;261397;92,0;101,7172785;102,5;26588591,45;D0
2022-11-21;CBIO;71;97514;90,0;101,0820462;102,098;9856914,65;D0
2022-11-22;CBIO;174;215808;65,0;100,2776114;102,098;21640710,74;D0
2022-11-23;CBIO;119;159567;97,9;99,48982903;102,0;15875293,55;D0
2022-11-24;CBIO;157;195915;99,0;99,70550136;103,0;19533803,3;D0
2022-11-25;CBIO;108;70781;99,0;99,33968084;99,9;7031361,95;D0
2022-11-28;CBIO;78;88613;98,0;98,49277532;99,1;8727740,3;D0
2022-11-29;CBIO;166;141464;94,0;97,09072979;99,0;13734843,0;D0
2022-11-30;CBIO;78;127848;92,0;93,97660307;101,5;12014720,75;D0
2022-12-01;CBIO;113;127606;87,7;89,7385742;93,6;11451180,5;D0
2022-12-02;CBIO;73;113978;80,0;85,72376423;88,0;9770623,2;D0
2022-12-05;CBIO;55;55348;84,9;85,64113608;91,0;4740065,6;D0
2022-12-06;CBIO;237;264446;84,0;85,60895109;90,0;22638944,68;D0
2022-12-07;CBIO;123;197150;83,9;84,46816966;86,5;16652899,65;D0
2022-12-08;CBIO;131;180579;84,0;84,50758116;85,5;15260294,5;D0
2022-12-09;CBIO;159;249641;84,0;84,76028717;85,9;21159642,85;D0
2022-12-12;CBIO;56;72320;84,05;85,13844579;85,9;6157212,4;D0
2022-12-13;CBIO;149;145337;85,0;85,99644756;87,5;12498465,7;D0
2022-12-14;CBIO;135;150007;85,0;86,78560333;87,9;13018448,0;D0
2022-12-15;CBIO;70;100201;86,0;87,09829193;88,5;8727335,95;D0
2022-12-16;CBIO;165;207798;87,0;87,97196926;90,5;18280399,27;D0
2022-12-19;CBIO;98;100784;88,0;88,19061855;88,9;8888203,3;D0
2022-12-20;CBIO;219;252791;87,0;88,65175342;90,5;22410365,4;D0
2022-12-21;CBIO;118;170669;88,0;88,83382992;91,0;15161180,92;D0
2022-12-22;CBIO;70;124072;86,55;87,84934795;88,5;10899644,3;D0
2022-12-23;CBIO;37;91579;87,0;87,48019251;91,0;8011348,55;D0
2022-12-26;CBIO;32;29444;86,8;87,37652492;88,2;2572714,4;D0
2022-12-27;CBIO;50;89991;85,5;86,20718405;87,25;7757870,7;D0
2022-12-28;CBIO;72;110833;85,6;86,52838847;87,6;9590200,88;D0
2022-12-29;CBIO;104;347311;84,0;85,56114663;87,6;29716327,4;D0
2022-12-30;CBIO;10;15996;87,0;87,0;87,0;1391652,0;D0
2023-01-03;CBIO;17;44783;85,0;85,01610879;85,1;3807276,4;D0
2023-01-04;CBIO;96;125410;85,0;86,60815963;87,25;10861529,3;D0
2023-01-05;CBIO;179;262473;84,45;86,2118046;87,25;22628270,99;D0
2023-01-06;CBIO;137;289982;86,0;86,39777227;87,0;25053798,8;D0
2023-01-09;CBIO;118;238271;84,55;86,1126887;86,6;20518156,45;D0
2023-01-10;CBIO;117;217674;86,5;86,56587993;86,9;18843141,35;D0
2023-01-11;CBIO;145;214850;86,0;86,55075285;87,0;18595429,25;D0
2023-01-12;CBIO;81;135571;85,55;86,59818692;87,0;11740202,8;D0
2023-01-13;CBIO;248;368078;86,3;87,06426852;89,5;32046441,83;D0
2023-01-16;CBIO;281;265562;86,05;87,14749719;87,6;23143063,65;D0
2023-01-17;CBIO;268;218814;86,85;87,10257593;87,6;19059263,05;D0
2023-01-18;CBIO;198;404111;86,05;87,11070349;87,4;35202393,5;D0
2023-01-19;CBIO;264;290228;86,7;87,09840618;87,55;25278396,23;D0
2023-01-20;CBIO;169;384310;86,8;87,23607785;87,7;33525697,08;D0
2023-01-23;CBIO;39;47992;87,0;87,23264294;87,5;4186469,0;D0
2023-01-24;CBIO;140;273190;86,8;87,13436802;87,7;23804238,0;D0
2023-01-25;CBIO;272;459902;85,1;87,12305175;88,0;40068065,75;D0
2023-01-26;CBIO;220;463481;87,3;88,08238902;90,0;40824513,75;D0
2023-01-27;CBIO;260;523561;87,25;88,88253699;90,0;46535429,95;D0
2023-01-30;CBIO;477;523686;87,0;91,10843071;92,99;47712209,65;D0
2023-01-31;CBIO;371;629825;91,37;93,02806501;94,0;58591401,05;D0
2023-02-01;CBIO;375;487633;93,5;94,93727352;96,0;46294547,5;D0
2023-02-02;CBIO;70;161953;92,28;94,91646317;96,0;15372005,96;D0
2023-02-03;CBIO;234;319478;95,0;95,54283224;97,0;30523832,96;D0
2023-02-06;CBIO;157;231332;87,5;95,30600859;96,0;22047329,58;D0
2023-02-07;CBIO;274;389394;95,5;96,46413882;97,0;37562556,86;D0
2023-02-08;CBIO;293;294889;96,05;97,16370197;97,6;28652506,8;D0
2023-02-09;CBIO;204;349215;96,6;97,5247977;97,9896;34057122,1;D0
2023-02-10;CBIO;155;227692;96,85;98,09693014;98,5;22335886,21;D0
2023-02-13;CBIO;519;635636;97,05;99,54609448;101,0;63275081,1;D0
2023-02-14;CBIO;427;981858;98,5;100,1512282;100,9;98334284,42;D0
2023-02-15;CBIO;194;432832;99,05;100,1723516;100,6;43357799,3;D0
2023-02-16;CBIO;266;387096;99,55;100,5907669;101,25;38938283,36;D0
2023-02-17;CBIO;161;299336;99,05;100,2593143;101,0;30011222,07;D0
2023-02-22;CBIO;165;195042;98,85;100,148506;102,0;19533164,9;D0
2023-02-23;CBIO;192;359368;96,0;100,8577415;103,0;36245044,85;D0
2023-02-24;CBIO;205;260836;100,0;100,64299;102,0;26251314,91;D0
2023-02-27;CBIO;121;197074;100,0;100,0772703;101,1;19722627,97;D0
2023-02-28;CBIO;409;392844;95,0;99,79112265;100,6;39202343,79;D0
2023-03-01;CBIO;118;267292;99,1;99,62165257;100,5;26628070,76;D0
2023-03-02;CBIO;183;387635;97,75;99,25745106;100,5;38475661,95;D0
2023-03-03;CBIO;211;297992;98,25;98,67363217;99,05;29403953,0;D0
2023-03-06;CBIO;146;312372;96,68;98,48171151;99,05;30762929,1;D0
2023-03-07;CBIO;198;266056;97,4;98,40036105;99,4;26180006,46;D0
2023-03-08;CBIO;181;303209;97,55;98,53766411;99,25;29877506,6;D0
2023-03-09;CBIO;127;257791;96,33;98,29923856;99,1;25340659,01;D0
2023-03-10;CBIO;508;537104;97,55;98,21136113;98,6;52749714,91;D0
2023-03-13;CBIO;110;147535;98,0;98,30455424;98,5;14503362,41;D0
2023-03-14;CBIO;80;145765;97,3;98,20401022;98,9;14314707,55;D0
2023-03-15;CBIO;105;190361;97,05;98,23701178;98,75;18700495,8;D0
2023-03-16;CBIO;113;315217;96,43;98,20142371;98,9;30954758,18;D0
2023-03-17;CBIO;122;293933;97,05;98,07551448;98,6;28827630,2;D0
2023-03-20;CBIO;99;237566;97,0;98,03568199;98,55;23289944,82;D0
2023-03-21;CBIO;160;181690;96,75;97,82429704;98,4;17773696,53;D0
2023-03-22;CBIO;168;236295;95,05;97,49319989;98,19999999;23037155,66;D0
2023-03-23;CBIO;111;180956;96,3;97,0728177;97,8;17565908,8;D0
2023-03-24;CBIO;117;133065;95,0;95,82111186;96,76;12750436,25;D0
2023-03-27;CBIO;248;294234;93,05;95,37860417;97,0;28063628,22;D0
2023-03-28;CBIO;369;443948;96,0;97,22005572;100,0;43160649,3;D0
2023-03-29;CBIO;165;211876;96,2;97,03993703;100,0;20560433,7;D0
2023-03-30;CBIO;77;116750;95,0;96,20153875;97,6;11231529,65;D0
2023-03-31;CBIO;951;1056553;91,91;95,70689682;98,25;101119409,0;D0
2023-04-03;CBIO;15;20614;95,5;96,1258436;96,99;1981538,14;D0
2023-04-04;CBIO;47;66100;95,75;96,15798033;97,5;6356042,5;D0
2023-04-05;CBIO;88;197978;93,05;95,43090898;97,0;18893220,5;D0
2023-04-06;CBIO;62;90822;94,0;94,57126384;96,0;8589151,32;D0
2023-04-10;CBIO;80;109847;94,05;94,81898094;96,0;10415580,6;D0
2023-04-11;CBIO;89;229845;93,05;94,87452631;96,0;21806435,5;D0
2023-04-12;CBIO;109;153325;94,0;94,86926081;96,5;14545829,4;D0
2023-04-13;CBIO;82;100843;94,0;94,88301557;96,0;9568287,94;D0
2023-04-14;CBIO;87;240805;94,6;94,73463466;94,9;22812573,7;D0
2023-04-17;CBIO;48;111538;94,0;94,39193458;94,95;10528287,6;D0
2023-04-18;CBIO;36;52904;93,4;94,24116701;95,0;4985734,7;D0
2023-04-19;CBIO;216;396583;93,35;94,64619217;96,4;37535070,81;D0
2023-04-20;CBIO;241;413329;93,65;94,66617417;95,4;39128275,05;D0
2023-04-24;CBIO;89;149358;94,6;94,95992126;95,5;14183023,92;D0
2023-04-25;CBIO;372;490405;94,05;95,08025304;95,6;46627831,25;D0
2023-04-26;CBIO;114;205094;94,55;95,16925743;95,8;19518643,67;D0
2023-04-27;CBIO;168;360726;94,55;95,78610876;96,6;34552539,87;D0
2023-04-28;CBIO;354;545649;94,55;96,91216019;97,6;52880023,3;D0
2023-05-02;CBIO;86;55380;96,5;97,40675749;98,2;5394386,23;D0
2023-05-03;CBIO;132;191779;94,5;97,46581325;98,5;18691896,2;D0
2023-05-04;CBIO;529;1040082;97,0;99,40116613;100,5;103385363,7;D0
2023-05-05;CBIO;309;484147;98,49;100,1966307;101,0;48509898,16;D0
2023-05-08;CBIO;415;911732;99,55;100,1200059;100,6;91282613,2;D0
2023-05-09;CBIO;138;304812;99,5;100,0472029;100,6;30495588,0;D0
2023-05-10;CBIO;190;429610;99,0;99,99667412;100,25;42959571,17;D0
2023-05-11;CBIO;376;734059;99,05;99,98775887;100,39951;73396914,25;D0
2023-05-12;CBIO;147;368964;99,0;99,92767982;102,0;36869716,46;D0
2023-05-15;CBIO;101;187638;100,0;100,2322757;100,6;18807383,75;D0
2023-05-16;CBIO;338;710747;99,7;100,541878;101,25;71459838,19;D0
2023-05-17;CBIO;355;646199;100,55;101,9832678;103,0;65901485,63;D0
2023-05-18;CBIO;187;302203;100,0;102,641926;103,5;31018697,96;D0
2023-05-19;CBIO;329;613537;101,0;105,38836;110,0;64659658,2;D0
2023-05-22;CBIO;241;441796;107,0;110,2063126;116,0;48688708,06;D0
2023-05-23;CBIO;487;697536;109,0;117,6799652;123,0;82086012,22;D0
2023-05-24;CBIO;508;944144;103,0;128,7225886;132,0;121532659,6;D0
2023-05-25;CBIO;319;694500;130,0;135,2642452;138,0;93941018,25;D0
2023-05-26;CBIO;311;426868;130,0;135,4478817;163,5;57818366,24;D0
2023-06-01;CBIO;135;283472;86,0;128,422276;132,0;36404119,24;D0
2023-06-02;CBIO;51;68353;124,55;125,522847;128,75;8579863,15;D0
2023-06-05;CBIO;120;147940;125,0;126,317406;127,1326;18687397,05;D0
2023-06-06;CBIO;210;190421;126,5;128,050767;130,0;24383555,13;D0
2023-06-07;CBIO;285;398973;128,0;130,071422;131,1527;51894985,6;D0
2023-06-09;CBIO;191;260798;130,0;130,804726;131,6551;34113610,9;D0
2023-06-12;CBIO;97;82238;130,5;131,472742;132,15753;10812055,31;D0
2023-06-13;CBIO;112;174251;131,0;131,804091;132,5;22966994,57;D0
2023-06-14;CBIO;179;259242;127,05;132,147863;133,0;34258276,3;D0
2023-06-15;CBIO;133;224809;132,0;132,893728;133,665;29875706,14;D0
2023-06-16;CBIO;230;279012;132,55;134,506061;136,25;37528805,22;D0
2023-06-19;CBIO;222;381607;133,5;136,559388;138,0;52112018,3;D0
2023-06-20;CBIO;351;853734;134,05;139,059433;140,25;118719765,58;D0
2023-06-21;CBIO;475;1169521;136,8;143,81404;147,5;168193540,35;D0
2023-06-22;CBIO;160;214679;136,75;144,297113;146,94;30977559,75;D0
2023-06-23;CBIO;270;307194;138,3;140,144267;143,5;43051477,9;D0
2023-06-26;CBIO;128;115430;138,1;138,736591;140,7;16014364,59;D0
2023-06-27;CBIO;172;213402;136,5;138,295193;140,0;29512470,85;D0
2023-06-28;CBIO;231;343999;136,0;137,360385;138,18755;47251835,18;D0
2023-06-29;CBIO;361;537829;134,6;137,175779;142,0;73777111,94;D0
2023-06-30;CBIO;152;295234;136,1;141,287007;145,0;41712728,35;D0
2023-07-03;CBIO;394;864517;140,0;147,983037;151,0;127933851,5;D0
2023-07-04;CBIO;167;201844;142,5;147,705903;150,0;29813550,35;D0
2023-07-05;CBIO;158;221632;146,0;147,07448;148,6;32596411,12;D0
2023-07-06;CBIO;269;415603;143,0;145,765279;148,5;60580487,14;D0
2023-07-07;CBIO;240;345537;143,3;145,258014;146,0;50192018,25;D0
2023-07-10;CBIO;287;356393;140,0;142,487947;145,0;50781706,84;D0
2023-07-11;CBIO;169;197589;139,0;140,214545;143,5;27704851,8;D0
2023-07-12;CBIO;142;274020;137,5;139,063906;140,0;38106291,45;D0
2023-07-13;CBIO;166;333822;137,0;138,605583;139,1931;46269592,98;D0
2023-07-14;CBIO;93;140428;137,6;138,415164;138,75;19437364,65;D0
2023-07-17;CBIO;196;526880;134,55;136,665336;139,395;72006232,13;D0
2023-07-18;CBIO;239;426576;128,05;134,1189;137,01;57211903,8;D0
2023-07-19;CBIO;161;309037;127,0;129,456685;134,5;40006905,55;D0
2023-07-20;CBIO;323;429414;103,0;114,399258;127,99;49124643,05;D0
2023-07-21;CBIO;144;235912;104,1;106,026035;108,35;25012813,92;D0
2023-07-24;CBIO;130;261103;106,0;111,316992;115,5;29065200,58;D0
2023-07-25;CBIO;277;392963;116,7;122,637251;128,4;48191902,04;D0
2023-07-26;CBIO;274;340874;125,0;129,683718;132,0;44205807,54;D0
2023-07-27;CBIO;380;656233;131,55;136,780213;139,0;89759689,72;D0
2023-07-28;CBIO;511;840947;100,0;138,909675;140,5;116815674,85;D0
2023-07-31;CBIO;191;264194;133,0;134,162355;135,5;35444889,15;D0
2023-08-01;CBIO;86;128940;129,1;132,152395;135,5;17039729,84;D0
2023-08-02;CBIO;145;147377;130,0;132,475917;135,6;19523903,17;D0
2023-08-03;CBIO;138;218733;133,5;134,809437;136,0;29487272,6;D0
2023-08-04;CBIO;193;309498;133,0;134,660184;135,25;41677057,6;D0
2023-08-07;CBIO;66;104206;131,9;133,012787;134,98;13860730,47;D0
2023-08-08;CBIO;159;208586;132,0;134,988243;137,0;28156657,57;D0
2023-08-09;CBIO;182;195721;135,0;136,341618;137,182545;26684917,72;D0
2023-08-10;CBIO;136;177989;135,55;137,097746;137,68505;24401890,7;D0
2023-08-11;CBIO;169;253096;136,0;137,764616;138,69;34867673,35;D0
2023-08-14;CBIO;179;240714;137,0;138,411672;139,2;33317627,3;D0
2023-08-15;CBIO;235;229511;137,0;138,280402;140,0;31736873,42;D0
2023-08-16;CBIO;117;255516;136,75;137,226741;138,0;35063628,0;D0
2023-08-17;CBIO;128;277970;133,0;135,536032;137,0;37674950,7;D0
2023-08-18;CBIO;92;219972;131,5;134,058491;135,45;29489114,4;D0
2023-08-21;CBIO;160;190790;132,75;133,48501;138,0;25467605,1;D0
2023-08-22;CBIO;94;167770;129,9;131,504924;135,0;22062581,1;D0
2023-08-23;CBIO;219;236204;127,75;129,334914;131,5;30549424,05;D0
2023-08-24;CBIO;155;263478;122,0;125,106778;128,5;32962883,54;D0
2023-08-25;CBIO;124;161398;119,75;120,810145;124,7;19498515,82;D0
2023-08-28;CBIO;48;116972;114,05;118,984476;120,0;13917852,09;D0
2023-08-29;CBIO;96;174199;114,55;119,458412;121,0;20809535,86;D0
2023-08-30;CBIO;159;160120;119,05;121,283889;125,0;19419976,35;D0
2023-08-31;CBIO;87;148859;121,0;122,784179;124,0;18277530,12;D0
2023-09-01;CBIO;90;126253;121,5;122,999632;123,2;15529072,6;D0
2023-09-04;CBIO;67;80421;122,0;123,235849;123,6;9910750,2;D0
2023-09-05;CBIO;142;183996;122,0;124,432857;125,6;22895148,02;D0
2023-09-06;CBIO;152;245544;124,0;124,98883;125,6253;30690257,3;D0
2023-09-08;CBIO;115;136324;119,05;124,591119;125,49;16984759,66;D0
2023-09-11;CBIO;37;45640;124,0;124,485058;125,6;5681498,06;D0
2023-09-12;CBIO;161;280168;123,9;125,065131;125,5246;35039247,54;D0
2023-09-13;CBIO;246;324287;120,05;125,964013;126,75;40848491,9;D0
2023-09-14;CBIO;124;193149;125,05;126,160383;126,8;24367751,8;D0
2023-09-15;CBIO;245;485932;125,05;126,877559;134,4;61653866,03;D0
2023-09-18;CBIO;109;229417;124,9;126,395142;145,1;28997194,25;D0
2023-09-19;CBIO;167;295554;123,0;125,183103;126,45;36998366,94;D0
2023-09-20;CBIO;205;275860;122,1;123,9508;125,2;34193067,6;D0
2023-09-21;CBIO;102;133675;118,0;121,656379;125,55;16262416,43;D0
2023-09-22;CBIO;117;209751;118,05;119,26252;124,0;25015432,75;D0
2023-09-25;CBIO;99;232975;118,5;119,103202;119,5;27748068,5;D0
2023-09-26;CBIO;142;147716;118,9;120,231209;123,4;17760073,23;D0
2023-09-27;CBIO;210;344389;118,5;120,458579;125,0;41484609,45;D0
2023-09-28;CBIO;222;367422;119,55;120,667821;124,0;44336012,2;D0
2023-09-29;CBIO;135;178237;118,05;119,591529;123,0;21315635,35;D0
2023-10-02;CBIO;132;396743;117,5;118,552302;120,0;47034796,05;D0
2023-10-03;CBIO;73;109504;116,5;118,878898;120,1;13017714,8;D0
2023-10-04;CBIO;104;108830;114,0;117,326291;120,25;12768620,25;D0
2023-10-05;CBIO;83;68616;111,5;114,45367;117,99;7853353,05;D0
2023-10-06;CBIO;51;55682;112,0;113,757519;115,5;6334246,15;D0
2023-10-09;CBIO;110;111998;107,0;111,130817;113,0;12446429,2;D0
2023-10-10;CBIO;98;141024;102,0;107,076177;124,5;15100310,84;D0
2023-10-11;CBIO;196;402004;99,05;100,962435;105,6;40587302,73;D0
2023-10-13;CBIO;284;368443;100,0;101,076789;102,0;37241035,5;D0
2023-10-16;CBIO;211;283199;100,5;103,687596;110,99;29364223,6;D0
2023-10-17;CBIO;313;523332;101,1;111,961012;115,0;58592780,45;D0
2023-10-18;CBIO;138;178151;111,35;112,809442;115,0;20097114,79;D0
2023-10-19;CBIO;293;527973;109,05;112,071704;113,4;59170833,8;D0
2023-10-20;CBIO;129;117539;107,41;110,350204;112,25;12970452,63;D0
2023-10-23;CBIO;115;217561;107,05;109,483365;112,3;23819310,34;D0
2023-10-24;CBIO;252;411718;109,545;112,132565;113,3;46166995,36;D0
2023-10-25;CBIO;246;444664;111,0;112,374592;114,0;49968935,65;D0
2023-10-26;CBIO;318;561447;110,05;111,891136;112,75;62820942,65;D0
2023-10-27;CBIO;142;384831;111,4;112,411946;113,0;43259601,55;D0
2023-10-30;CBIO;246;413438;111,41;112,911533;113,9;46681918,48;D0
2023-10-31;CBIO;213;406571;107,4;113,742444;115,0;46244379,39;D0
2023-11-01;CBIO;459;603094;112,55;114,708771;116,3;69180171,52;D0
2023-11-03;CBIO;273;412080;113,9;116,463121;117,58501;47992123,0;D0
2023-11-06;CBIO;139;169444;117,0;118,216857;119,0;20031137,2;D0
2023-11-07;CBIO;298;351809;117,5;118,915047;125,0;41835383,75;D0
2023-11-08;CBIO;261;583014;113,9;119,807045;120,45;69849184,44;D0
2023-11-09;CBIO;81;165952;117,0;118,029134;119,6;19587170,7;D0
2023-11-10;CBIO;100;149682;117,05;118,13369;119,0;17682487,05;D0
2023-11-13;CBIO;315;702982;117,4;119,767726;120,75;84194555,45;D0
2023-11-14;CBIO;339;398835;120,0;121,216896;122,1076;48345540,75;D0
2023-11-16;CBIO;248;503972;121,2;121,907275;123,0;61437853,13;D0
2023-11-17;CBIO;355;643437;121,4;123,372335;124,25;79382325,4;D0
2023-11-20;CBIO;163;189400;122,4;123,970857;124,9;23480080,4;D0
2023-11-21;CBIO;98;154397;122,0;123,804856;124,62;19115098,4;D0
2023-11-22;CBIO;433;845368;123,4;124,644605;125,25;105370560,7;D0
2023-11-23;CBIO;234;324948;123,0;124,987532;125,6;40614448,55;D0
2023-11-24;CBIO;164;314679;123,0;123,863452;125,4;38977227,06;D0
2023-11-27;CBIO;180;298223;121,5;123,139451;124,0;36723016,5;D0
2023-11-28;CBIO;128;255676;121,5;122,668111;123,5;31363292,05;D0
2023-11-29;CBIO;344;399607;122,0;123,02573;123,71566;49161942,7;D0
2023-11-30;CBIO;226;375947;122,0;123,984956;126,0;46611772,3;D0
2023-12-01;CBIO;77;65555;121,5;122,640336;123,0;8039687,25;D0
2023-12-04;CBIO;137;354487;120,0;121,946183;123,1;43228336,51;D0
2023-12-05;CBIO;103;101888;117,05;119,766473;121,0;12202766,4;D0
2023-12-06;CBIO;104;111984;115,05;117,934126;119,5;13206735,15;D0
2023-12-07;CBIO;87;143788;104,7;108,932353;116,5;15663165,2;D0
2023-12-08;CBIO;171;321623;103,9;111,362576;116,0;35816765,65;D0
2023-12-11;CBIO;123;164264;110,0;113,986141;116,0;18723819,4;D0
2023-12-12;CBIO;132;202251;109,05;113,040816;115,0;22862618,0;D0
2023-12-13;CBIO;145;227877;107,05;110,077261;113,0;25084076,05;D0
2023-12-14;CBIO;143;268924;108,9;110,004733;112,0;29582912,9;D0
2023-12-15;CBIO;186;296065;108,4;110,227559;111,0;32634522,25;D0
2023-12-18;CBIO;168;287615;109,3;110,033198;111,7;31647198,3;D0
2023-12-19;CBIO;241;308656;108,0;109,884346;113,0;33916462,75;D0
2023-12-20;CBIO;409;788099;106,0;108,063713;110,04751;85164904,12;D0
2023-12-21;CBIO;373;1136673;100,0;103,069134;121,25;117155902,05;D0
2023-12-22;CBIO;252;354922;102,0;102,754379;105,0;36469789,75;D0
2023-12-26;CBIO;129;268245;103,0;104,197338;105,6;27950414,96;D0
2023-12-27;CBIO;133;270679;102,5;104,001955;105,1;28151145,14;D0
2023-12-28;CBIO;342;687343;102,2;105,97995;108,6;72844576,43;D0
2023-12-29;CBIO;112;131636;105,0;111,18047;114,0;14635352,35;D0
2024-01-02;CBIO;77;140000;105,0;108,068464;111,0;15129584,9;D0
2024-01-03;CBIO;137;151910;104,5;105,675353;106,35;16053142,9;D0
2024-01-04;CBIO;110;183810;104,4;105,03169;105,5251;19305874,92;D0
2024-01-05;CBIO;78;133920;104,9;105,523795;106,02754;14131746,55;D0
2024-01-08;CBIO;134;199974;104,6;105,761098;106,5;21149469,81;D0
2024-01-09;CBIO;107;245313;105,72607;106,947558;107,99;26235626,21;D0
2024-01-10;CBIO;153;191798;106,5;107,102077;107,5351;20541964,2;D0
2024-01-11;CBIO;170;443475;106,5;108,024797;109,545;47906296,74;D0
2024-01-12;CBIO;302;811293;100,0;110,282072;111,3;89471073,35;D0
2024-01-15;CBIO;253;460449;111,0;112,490118;113,5;51795962,2;D0
2024-01-16;CBIO;331;701686;113,0;115,268605;116,58;80882366,68;D0
2024-01-17;CBIO;277;412507;113,6;116,181878;116,83133;47925837,71;D0
2024-01-18;CBIO;318;433941;115,5;116,920333;118,0;50736526,21;D0
2024-01-19;CBIO;154;246088;115,5;116,773619;117,6;28736586,25;D0
2024-01-22;CBIO;260;331258;114,5;115,592836;117,08251;38291051,67;D0
2024-01-23;CBIO;100;149044;114,0;114,410693;116,0;17052227,4;D0
2024-01-24;CBIO;147;275013;113,0;113,674031;114,57;31261836,36;D0
2024-01-25;CBIO;204;444198;111,5;112,789543;114,5;50100889,4;D0
2024-01-26;CBIO;116;254762;112,0;113,047602;114,0;28800233,1;D0
2024-01-29;CBIO;167;439759;111,5;112,499004;113,565;49472449,5;D0
2024-01-30;CBIO;246;717876;109,5;111,390877;114,9;79964837,4;D0
2024-01-31;CBIO;274;522671;111,0;112,377274;115,0;58736342,4;D0
2024-02-01;CBIO;183;507378;111,0;111,852741;113,2;56751619,8;D0
2024-02-02;CBIO;174;427482;110,25;111,607931;112,5692;47710381,5;D0
2024-02-05;CBIO;698;536185;111,0;111,584362;113,0;59829861,31;D0
2024-02-06;CBIO;199;317869;111,0;112,161666;117,0;35652716,6;D0
2024-02-07;CBIO;324;967563;111,0;111,649819;116,0;108028233,45;D0
2024-02-08;CBIO;258;619659;111,0;111,794428;112,56;69274423,6;D0
2024-02-09;CBIO;424;726772;110,5;111,055973;112,0575;80712371,9;D0
2024-02-14;CBIO;112;149684;109,8;110,328801;111,3;16514456,26;D0
2024-02-15;CBIO;49;47231;109,5;110,193517;111,25;5204550,0;D0
2024-02-16;CBIO;262;498280;109,0;110,011716;111,0;54816637,9;D0
2024-02-19;CBIO;81;160725;109,1;109,855559;110,3;17656534,7;D0
2024-02-20;CBIO;241;648680;107,8;108,635008;110,1;70469356,78;D0
2024-02-21;CBIO;236;528550;106,5;107,522167;109,0;56830841,39;D0
2024-02-22;CBIO;273;561609;103,0;105,018322;107,0;58979234,95;D0
2024-02-23;CBIO;296;912351;99,0;100,35501;104,0;91558993,35;D0
2024-02-26;CBIO;187;640459;99,6;100,148942;108,5;64141291,2;D0
2024-02-27;CBIO;192;688173;98,65;99,609846;100,3;68548806,85;D0
2024-02-28;CBIO;328;449570;99,05;99,826508;100,5;44879003,2;D0
2024-02-29;CBIO;250;505430;99,6;100,538983;104,0;50815418,05;D0
2024-03-01;CBIO;108;141582;99,9;100,436918;101,3;14220059,7;D0
2024-03-04;CBIO;147;132204;100,1;100,986528;101,5;13350822,9;D0
2024-03-05;CBIO;133;198156;100,0;100,510016;101,35;19916662,8;D0
2024-03-06;CBIO;162;283972;99,49;100,072196;104,0;28417701,55;D0
2024-03-07;CBIO;130;372956;99,0;99,929002;100,3;37269121,0;D0
2024-03-08;CBIO;168;396260;99,0;99,865841;100,6;39572837,92;D0
2024-03-11;CBIO;112;999459;95,0;98,677249;110,5;98623864,65;D0
2024-03-12;CBIO;101;97970;99,0;99,502484;99,9;9748258,38;D0
2024-03-13;CBIO;219;508271;97,85;98,4047;104,0;50016255,33;D0
2024-03-14;CBIO;149;360039;96,9;97,663946;99,5;35162829,6;D0
2024-03-15;CBIO;179;348106;95,95;96,944798;97,5;33747065,95;D0
2024-03-18;CBIO;103;213999;95,5;96,178117;97,0;20582020,8;D0
2024-03-19;CBIO;171;284172;93,0;95,314374;102,0;27085676,2;D0
2024-03-20;CBIO;188;394859;94,0;94,658443;96,5;37376738,2;D0
2024-03-21;CBIO;185;247881;94,5;95,507556;100,0;23674508,55;D0
2024-03-22;CBIO;201;316758;96,0;99,096724;100,19;31389680,1;D0
2024-03-25;CBIO;152;167860;95,3;96,427767;103,0;16186364,97;D0
2024-03-26;CBIO;311;482221;96,0;98,018242;111,9;47266454,49;D0
2024-03-27;CBIO;156;311687;95,5;97,89516;100,0;30512648,79;D0
2024-03-28;CBIO;571;950670;95,0;101,685898;110,0;96669732,33;D0
2024-04-01;CBIO;177;234418;93,0;96,004956;116,5;22505289,7;D0
2024-04-02;CBIO;74;145727;93,5;96,716281;98,0;14094173,42;D0
2024-04-03;CBIO;86;191065;96,0;97,519793;98,75;18632619,2;D0
2024-04-04;CBIO;186;183574;97,0;98,124363;99,2;18013081,83;D0
2024-04-05;CBIO;192;289892;97,1;99,045932;99,7;28712623,35;D0
2024-04-08;CBIO;253;460756;99,0;100,265951;101,25;46198138,49;D0
2024-04-09;CBIO;213;235627;100,0;101,088872;101,5051;23819267,58;D0
2024-04-10;CBIO;97;162481;99,5;100,49701;101,5;16328854,64;D0
2024-04-11;CBIO;135;183258;99,55;100,583565;101,5;18432742,87;D0
2024-04-12;CBIO;110;202836;99,0;100,066032;101,5;20296993,6;D0
2024-04-15;CBIO;57;100296;99,1;99,96702;100,5;10026292,25;D0
2024-04-16;CBIO;76;78269;99,05;99,705234;100,3;7803828,92;D0
2024-04-17;CBIO;122;299549;99,1;99,55534;100,0;29821702,44;D0
2024-04-18;CBIO;77;165088;99,1;99,608251;99,85;16444126,91;D0
2024-04-19;CBIO;135;227780;99,0;99,311811;99,8;22621244,2;D0
2024-04-22;CBIO;41;48233;98,9;99,445445;99,75;4796552,15;D0
2024-04-23;CBIO;95;182252;98,5;99,110937;99,8;18063166,44;D0
2024-04-24;CBIO;156;310838;94,8;97,502691;99,0;30307541,3;D0
2024-04-25;CBIO;433;605994;93,0;94,725706;97,0;57403209,6;D0
2024-04-26;CBIO;201;379664;93,5;93,887522;95,0;35645711,97;D0
2024-04-29;CBIO;143;321904;93,85;95,064368;97,0;30601600,18;D0
2024-04-30;CBIO;211;321382;97,8;98,617608;100,0;31693924,22;D0
2024-05-02;CBIO;132;189586;96,9;97,643166;98,5;18511777,22;D0
2024-05-03;CBIO;98;129740;94,5;95,607593;97,51;12404129,1;D0
2024-05-06;CBIO;102;71268;95,3;95,936096;96,5;6837173,7;D0
2024-05-07;CBIO;92;173938;95,3;95,725297;96,25;16650266,6;D0
2024-05-08;CBIO;137;321098;95,5;96,004059;96,7;30826711,2;D0
2024-05-09;CBIO;150;400768;94,3;95,063756;95,9;38098511,14;D0
2024-05-10;CBIO;176;304371;94,5;95,335533;95,8;29017371,6;D0
2024-05-13;CBIO;78;166510;94,3;95,150609;95,5;15843527,95;D0
2024-05-14;CBIO;55;123404;94,0;94,657828;95,5;11681154,6;D0
2024-05-15;CBIO;157;220427;93,8;94,760423;95,1;20887755,83;D0
2024-05-16;CBIO;136;273894;91,7;94,059766;94,9;25762405,59;D0
2024-05-17;CBIO;145;267648;91,5;92,800695;94,5;24837920,49;D0
2024-05-20;CBIO;132;185219;91,3;91,997543;92,8;17039692,85;D0
2024-05-21;CBIO;167;219440;89,6;90,638321;92,0;19889673,15;D0
2024-05-22;CBIO;216;322392;87,0;88,758762;90,15;28615114,94;D0
2024-05-23;CBIO;230;359516;85,85;87,307173;88,6;31388325,61;D0
2024-05-24;CBIO;123;281803;83,5;85,295498;87,01;24036527,1;D0
2024-05-27;CBIO;83;226448;83,85;84,250709;85,0;19078404,46;D0
2024-05-28;CBIO;229;496084;83,0;83,559301;84,875;41452432,4;D0
2024-05-29;CBIO;218;372283;81,0;82,665681;83,415001;30775027,85;D0
2024-05-31;CBIO;216;668732;81,0;81,978998;82,5;54821979,5;D0
2024-06-03;CBIO;90;151763;79,51;80,568957;81,75;12227386,6;D0
2024-06-04;CBIO;233;177156;79,0;79,997285;82,5;14171999,09;D0
2024-06-05;CBIO;240;236985;75,0;78,309599;81,75;18558200,23;D0
2024-06-06;CBIO;150;238488;65,0;70,682749;79,5;16856987,46;D0
2024-06-07;CBIO;178;508676;63,0;65,821107;68,0;33481617,24;D0
2024-06-10;CBIO;409;1063681;66,5;73,556859;80,0;78241032,95;D0
2024-06-11;CBIO;151;156981;76,0;78,886789;80,0;12383727,01;D0
2024-06-12;CBIO;268;474218;78,5;81,239465;83,9;38525216,8;D0
2024-06-13;CBIO;225;329556;75,7;82,722346;83,65;27261645,39;D0
2024-06-14;CBIO;227;274453;82,5;83,943221;84,4;23038468,88;D0
2024-06-17;CBIO;163;260197;82,0;83,888225;84,5;21827464,41;D0
2024-06-18;CBIO;136;112811;82,0;83,273527;84,5;9394169,84;D0
2024-06-19;CBIO;251;333417;82,0;83,126724;84,0;27715863,0;D0
2024-06-20;CBIO;136;287602;82,5;82,995889;83,5;23869783,72;D0
2024-06-21;CBIO;208;313628;80,0;81,846851;83,0;25669464,05;D0
2024-06-24;CBIO;43;55225;81,0;81,239658;82,5;4486460,1;D0
2024-06-25;CBIO;268;383507;78,5;79,485423;81,0;30483216,12;D0
2024-06-26;CBIO;376;271092;75,5;78,048072;79,6;21158207,96;D0
2024-06-27;CBIO;130;197295;75,5;76,159338;77,8;15025856,5;D0
2024-06-28;CBIO;118;257232;75,5;76,239567;79,0;19611256,2;D0
2024-07-01;CBIO;131;122929;77,5;77,829638;79,0;9567519,54;D0
2024-07-02;CBIO;20;25848;77,0;79,250977;82,9;2048479,25;D0
2024-07-03;CBIO;86;248101;77,6;79,934547;80,5;19831840,98;D0
2024-07-04;CBIO;78;169633;77,0;77,569547;80,01;13158354,95;D0
2024-07-05;CBIO;60;88049;74,95;75,947039;78,0;6687060,86;D0
2024-07-08;CBIO;108;141331;75,5;76,395263;77,1;10797018,85;D0
2024-07-09;CBIO;140;325989;74,7;75,588946;77,0;24641164,9;D0
2024-07-10;CBIO;108;275449;74,55;75,317784;77,0;20746208,3;D0
2024-07-11;CBIO;287;335473;73,25;74,236742;76,0;24904422,65;D0
2024-07-12;CBIO;76;170587;70,0;73,400927;75,0;12521243,92;D0
2024-07-15;CBIO;69;93630;72,0;72,325467;73,3;6771833,5;D0
2024-07-16;CBIO;122;435586;69,0;69,840913;72,0;30421724,05;D0
2024-07-17;CBIO;250;847965;69,85;70,600999;71,36;59867175,9;D0
2024-07-18;CBIO;261;472953;70,6;71,686843;76,0;33904507,55;D0
2024-07-19;CBIO;205;547168;71,61;72,959128;75,0;39920900,41;D0
2024-07-22;CBIO;124;292800;74,0;75,027041;75,5;21967917,7;D0
2024-07-23;CBIO;386;577555;74,0;75,478561;76,4;43593020,21;D0
2024-07-24;CBIO;199;420585;75,0;76,12827;76,9;32018408,4;D0
2024-07-25;CBIO;213;433770;75,0;76,68501;77,39;33263656,93;D0
2024-07-26;CBIO;117;196849;75,5;77,687725;78,05;15292750,94;D0
2024-07-29;CBIO;186;303709;76,0;77,466712;77,9;23527337,53;D0
2024-07-30;CBIO;175;381222;76,65;77,383448;78,0;29500272,66;D0
2024-07-31;CBIO;173;272716;75,0;76,723577;77,5;20923746,93;D0
2024-08-01;CBIO;209;233201;74,7;75,476934;77,0;17601296,56;D0
2024-08-02;CBIO;108;257647;73,01;74,3798;75,3;19163732,4;D0
2024-08-05;CBIO;25;42206;73,5;73,761852;78,0;3113192,71;D0
2024-08-06;CBIO;73;135123;72,5;73,085693;74,0;9875558,05;D0
2024-08-07;CBIO;124;289106;71,85;72,214125;73,0;20877536,7;D0
2024-08-08;CBIO;106;256581;70,0;70,5011;72,1;18089242,76;D0
2024-08-09;CBIO;249;647379;69,5;70,397183;72,4;45573657,95;D0
2024-08-12;CBIO;65;64437;70,5;71,910688;73,0;4633709,0;D0
2024-08-13;CBIO;129;173616;70,6;71,817851;78,0;12468728,08;D0
2024-08-14;CBIO;228;358111;70,5;71,620589;72,5;25648120,78;D0
2024-08-15;CBIO;268;754342;70,5;72,243761;73,0;54496502,87;D0
2024-08-16;CBIO;330;613931;71,0;74,340756;76,0;45640094,93;D0
2024-08-19;CBIO;102;134297;73,21;75,022824;75,5;10075340,15;D0
2024-08-20;CBIO;144;253025;70,037787;74,083606;75,6;18745004,45;D0
2024-08-21;CBIO;192;337620;73,5;74,047556;74,75;24999935,86;D0
2024-08-22;CBIO;193;452864;73,85;74,620575;75,35;33792972,06;D0
2024-08-23;CBIO;177;362358;74,0;74,514695;74,8;27000996,0;D0
2024-08-26;CBIO;107;214134;73,85;74,361128;74,65;15923245,76;D0
2024-08-27;CBIO;248;597040;73,75;74,178673;75,0;44287634,78;D0
2024-08-28;CBIO;192;536684;73,5;74,766208;75,1;40125827,69;D0
2024-08-29;CBIO;235;444462;74,0;74,765416;75,120005;33230386,52;D0
2024-08-30;CBIO;151;229188;74,25;74,772296;75,1;17136912,88;D0
2024-09-02;CBIO;367;325218;74,5;74,832533;75,194025;24336886,71;D0
2024-09-03;CBIO;167;340327;74,01;74,856049;75,5;25475534,6;D0
2024-09-04;CBIO;142;241445;74,25;75,040443;80,94;18118139,86;D0
2024-09-05;CBIO;616;1121220;74,5;75,243842;76,25;84364900,05;D0
2024-09-06;CBIO;413;710940;75,4;76,84836;77,5;54634573,17;D0
2024-09-09;CBIO;129;208263;75,57;77,066465;77,49;16050093,19;D0
2024-09-10;CBIO;230;407462;76,0;77,72234;78,5;31668900,08;D0
2024-09-11;CBIO;187;437316;75,5;77,977491;78,39;34100804,51;D0
2024-09-12;CBIO;147;218284;77,3;78,060147;78,5;17039281,2;D0
2024-09-13;CBIO;397;683611;77,75;79,367032;80,25;54256175,96;D0
2024-09-16;CBIO;223;295762;77,82;80,671482;81,8;23859558,98;D0
2024-09-17;CBIO;244;187303;79,8;80,355368;81,1;15050801,46;D0
2024-09-18;CBIO;339;518109;79,9;80,840781;86,85;41884335,95;D0
2024-09-19;CBIO;587;511790;80,5;82,516973;84,0;42231361,71;D0
2024-09-20;CBIO;418;344807;82,15;82,951561;83,85;28602278,98;D0
2024-09-23;CBIO;204;365781;79,5;81,544118;83,5;29827288,9;D0
2024-09-24;CBIO;211;276225;78,7;80,233473;87,65;22162491,14;D0
2024-09-25;CBIO;199;363982;79,6;80,108539;80,7;29158066,09;D0
2024-09-26;CBIO;177;269487;79,35;79,937137;80,3;21542019,13;D0
2024-09-27;CBIO;190;362880;79,5;80,030963;80,55;29041635,8;D0
2024-09-30;CBIO;153;272782;78,5;79,541138;80,25;21697390,63;D0
2024-10-01;CBIO;71;64113;78,5;79,575396;80,5;5101817,34;D0
2024-10-02;CBIO;307;422945;79,35;79,99899;80,25;33835172,69;D0
2024-10-03;CBIO;672;785366;78,5;79,405049;82,2;62362025,8;D0
2024-10-04;CBIO;70;227381;77,5;78,168943;79,2;17774132,5;D0
2024-10-07;CBIO;138;202016;77,0;77,806942;78,25;15718247,1;D0
2024-10-08;CBIO;167;298421;77,0;78,048767;78,75;23291391,11;D0
2024-10-09;CBIO;323;690954;78,4;79,72714;80,274614;55087786,0;D0
2024-10-10;CBIO;553;998393;79,65;80,469981;81,4;80340665,95;D0
2024-10-11;CBIO;379;796925;80,0;82,163236;83,65;65477937,13;D0
2024-10-14;CBIO;304;630277;81,85;84,313531;86,0;53140879,52;D0
2024-10-15;CBIO;282;298419;84,0;85,246862;86,0;25439283,2;D0
2024-10-16;CBIO;782;1003200;79,8;85,354862;91,5;85627997,95;D0
2024-10-17;CBIO;181;334707;84,85;85,346353;86,0;28566021,9;D0
2024-10-18;CBIO;397;510075;84,85;85,957116;90,0;43844576,03;D0
2024-10-21;CBIO;674;822329;86,0;89,770574;91,05;73820946,21;D0
2024-10-22;CBIO;710;605499;86,3;90,796846;91,5;54977399,55;D0
2024-10-23;CBIO;186;205190;87,0;88,874535;90,8;18236165,85;D0
2024-10-24;CBIO;134;94750;84,0;87,114474;95,0;8254096,4;D0
2024-10-25;CBIO;83;147244;84,5;84,977377;92,0;12512408,9;D0
2024-10-28;CBIO;104;120841;84,0;84,424071;90,0;10201889,16;D0
2024-10-29;CBIO;197;132129;80,5;84,431475;90,99;11155846,37;D0
2024-10-30;CBIO;196;179949;80,8;82,199795;91,15;14791770,91;D0
2024-10-31;CBIO;441;696845;80,0;83,523963;89,1;58203255,87;D0
2024-11-01;CBIO;250;525944;80,16;86,343329;87,99;45411755,54;D0
2024-11-04;CBIO;43;26694;85,0;86,435252;87,0;2307302,59;D0
2024-11-05;CBIO;56;94416;83,0;85,010619;87,0;8026362,6;D0
2024-11-06;CBIO;172;195469;80,0;83,114204;87,0;16246250,33;D0
2024-11-07;CBIO;148;129857;81,0;82,497422;87,0;10712867,54;D0
2024-11-08;CBIO;160;334072;82,0;83,356127;84,0;27846947,9;D0
2024-11-11;CBIO;407;445174;82,0;83,771971;84,6;37293103,56;D0
2024-11-12;CBIO;261;452035;84,0;84,780725;85,8;38323855,11;D0
2024-11-13;CBIO;262;472472;81,5;84,212312;87,5;39787959,65;D0
2024-11-14;CBIO;161;324648;81,65;82,471549;86,7;26774223,35;D0
2024-11-18;CBIO;128;167552;81,0;82,00161;87,0;13739533,75;D0
2024-11-19;CBIO;379;385153;80,05;81,421052;87,5;31359562,36;D0
2024-11-21;CBIO;155;319553;79,8;80,369533;81,65;25682325,3;D0
2024-11-22;CBIO;153;295268;78,8;79,595536;80,34;23502014,83;D0
2024-11-25;CBIO;282;444358;79,1;79,86533;80,4;35488798,39;D0
2024-11-26;CBIO;246;406118;79,5;80,067017;81,1;32516656,73;D0
2024-11-27;CBIO;432;222446;78,4;79,971612;80,56;17789365,29;D0
2024-11-28;CBIO;132;231250;77,95;79,177595;79,9;18309818,77;D0
2024-11-29;CBIO;922;1361183;78,1;81,418443;83,0;110825400,4;D0
2024-12-02;CBIO;513;304756;78,5;79,411442;80,5;24201113,45;D0
2024-12-03;CBIO;365;242831;77,9;79,272296;81,0;19249770,96;D0
2024-12-04;CBIO;591;251656;76,0;77,070798;79,0;19395328,62;D0
2024-12-05;CBIO;104;102654;75,0;75,966457;76,6;7798260,68;D0
2024-12-06;CBIO;300;295338;74,55;75,325486;76,0;22246478,26;D0
2024-12-09;CBIO;138;56142;73,5;74,664727;75,25;4191827,05;D0
2024-12-10;CBIO;294;365515;73,4;74,621513;80,0;27275282,31;D0
2024-12-11;CBIO;155;276469;73,6;74,237493;76,0;20524365,5;D0
2024-12-12;CBIO;601;222848;63,0;73,17998;78,0;16308012,2;D0
2024-12-13;CBIO;376;882692;62,0;68,808934;74,0;60737095,85;D0
2024-12-16;CBIO;91;132174;62,5;72,08417;72,8;9527653,05;D0
2024-12-17;CBIO;139;109897;62,5;71,032216;76,0;7806227,41;D0
2024-12-18;CBIO;159;184176;69,05;70,784847;75,99;13036869,95;D0
2024-12-19;CBIO;287;725536;69,05;72,378841;75,0;52513454,6;D0
2024-12-20;CBIO;379;833942;70,66;76,786472;80,0;64035463,64;D0
2024-12-23;CBIO;173;401620;72,0;74,554921;81,2;29942747,36;D0
2024-12-24;CBIO;51;91851;74,0;76,857561;78,0;7059443,85;D0
2024-12-26;CBIO;88;189760;74,0;76,438889;79,0;14505043,5;D0
2024-12-27;CBIO;113;168312;74,0;76,591037;78,0;12891190,61;D0
2024-12-30;CBIO;260;437543;74,8;76,859967;78,0;33629540,75;D0
2024-12-31;CBIO;15;16089;69,65;70,087293;70,5;1127634,45;D0
2025-01-02;CBIO;18;39734;70,0;71,131021;77,0;2826320,0;D0
2025-01-03;CBIO;220;327431;74,0;75,644253;77,5;24768273,55;D0
2025-01-06;CBIO;224;410556;74,0;77,484875;78,3;31811880,5;D0
2025-01-07;CBIO;102;256143;74,0;77,380754;78,5;19820538,45;D0
2025-01-08;CBIO;89;110727;74,0;76,260991;77,0;8444150,78;D0
2025-01-09;CBIO;156;312839;76,0;76,92848;78,0;24066228,76;D0
2025-01-10;CBIO;144;185177;76,7;77,500151;77,7;14351245,5;D0
2025-01-13;CBIO;144;134834;76,65;77,694361;78,05;10475841,45;D0
2025-01-14;CBIO;137;176564;77,01;77,687959;78,25;13716896,69;D0
2025-01-15;CBIO;203;387174;77,2;77,82108;78,3;30130298,84;D0
2025-01-16;CBIO;187;419471;76,85;77,555627;78,05;32532336,55;D0
2025-01-17;CBIO;399;745836;76,0;76,800134;78,0;57280304,89;D0
2025-01-20;CBIO;109;116668;76,0;76,551352;76,9;8931093,1;D0
2025-01-21;CBIO;92;174362;75,0;75,52484;77,99;13168662,2;D0
2025-01-22;CBIO;267;591879;73,5;74,315608;75,0;43985847,58;D0
2025-01-23;CBIO;113;260852;74,0;74,650358;75,073519;19472695,06;D0
2025-01-24;CBIO;286;486895;74,0;74,99553;76,0;36514948,4;D0
2025-01-27;CBIO;50;55232;74,0;74,68423;75,5;4124959,4;D0
2025-01-28;CBIO;133;245718;74,35;74,927767;75,49;18411101,09;D0
2025-01-29;CBIO;242;482290;74,4;74,944081;75,35;36144780,68;D0
2025-01-30;CBIO;155;382824;73,81;74,736996;75,3;28611115,74;D0
2025-01-31;CBIO;194;372531;74,45;74,822528;75,6;27873711,01;D0
2025-02-03;CBIO;191;277284;74,55;74,986503;75,25;20792557,61;D0
2025-02-04;CBIO;331;419738;73,85;75,033571;75,5;31494440,95;D0
2025-02-05;CBIO;234;353693;75,0;75,532049;75,777;26715156,9;D0
2025-02-06;CBIO;340;620340;74,0;75,220864;75,877502;46662510,8;D0
2025-02-07;CBIO;323;675050;74,65;75,589701;76,25;51026827,46;D0
2025-02-10;CBIO;142;211504;75,15;75,876944;77,5;16048277,1;D0
2025-02-11;CBIO;319;554013;75,65;76,536664;81,0;42402306,63;D0
2025-02-12;CBIO;505;1732421;76,5;79,271215;80,25;137331117,16;D0
2025-02-13;CBIO;393;909695;78,0;79,68484;80,3;72488900,26;D0
2025-02-14;CBIO;91;137231;77,0;78,455419;79,1;10766515,53;D0
2025-02-17;CBIO;354;437475;77,5;78,334675;78,892505;34269462,0;D0
2025-02-18;CBIO;140;202032;77,99;78,643928;79,1;15888589,9;D0
2025-02-19;CBIO;221;267529;77,35;78,219533;78,8;20925993,5;D0
2025-02-20;CBIO;226;241916;77,5;78,070085;78,5;18886402,65;D0
2025-02-21;CBIO;215;594890;77,36;78,15026;79,3;46490808,37;D0
2025-02-24;CBIO;155;260780;77,4;77,947238;79,1;20327080,7;D0
2025-02-25;CBIO;158;276018;76,8;77,640113;80,0;21430068,7;D0
2025-02-26;CBIO;213;309662;76,3;77,114874;78,8;23879546,1;D0
2025-02-27;CBIO;93;235677;75,8;76,39388;77,184;18004280,55;D0
2025-02-28;CBIO;118;218338;74,0;75,355051;76,3;16452871,05;D0
2025-03-05;CBIO;44;78787;73,8;74,274441;74,8;5851860,33;D0
2025-03-06;CBIO;86;109220;73,7;74,053228;74,5;8088093,4;D0
2025-03-07;CBIO;254;470917;71,7;73,607945;74,2;34663232,46;D0
2025-03-10;CBIO;183;329430;70,05;71,151187;72,51;23439335,38;D0
2025-03-11;CBIO;345;634856;68,15;69,589014;80,0;44179003,1;D0
2025-03-12;CBIO;139;429745;69,0;69,531707;70,2495;29880903,61;D0
2025-03-13;CBIO;88;214607;64,0;69,023597;70,0;14812947,1;D0
2025-03-14;CBIO;94;248889;68,9;69,527394;70,1;17304603,55;D0
2025-03-17;CBIO;251;518604;69,15;69,941844;70,5;36272120,17;D0
2025-03-18;CBIO;161;323719;69,75;70,332976;71,2;22768120,72;D0
2025-03-19;CBIO;235;511795;69,0;70,884648;72,0;36278408,44;D0
2025-03-20;CBIO;257;518725;70,25;71,160213;72,0;36912581,48;D0
2025-03-21;CBIO;396;554371;71,15;71,9947;72,4;39911773,63;D0
2025-03-24;CBIO;232;443940;70,65;72,043694;72,6;31983077,42;D0
2025-03-25;CBIO;442;521327;69,0;71,388699;72,9;37216856,49;D0
2025-03-26;CBIO;326;486205;68,0;69,84595;72,6;33959450,19;D0
2025-03-27;CBIO;488;414693;66,5;68,347007;71,8;28343025,29;D0
2025-03-28;CBIO;214;234426;67,0;68,844696;72,1;16138986,82;D0
2025-03-31;CBIO;831;587057;65,65;68,93834;72,25;40470735,16;D0
2025-04-01;CBIO;149;183240;66,5;68,859177;72,49;12617755,55;D0
2025-04-02;CBIO;123;202767;68,85;70,08473;72,0;14210870,53;D0
2025-04-03;CBIO;127;228221;69,35;70,016965;71,0;15979341,7;D0
2025-04-04;CBIO;65;119621;69,5;70,070179;70,7;8381864,9;D0
2025-04-07;CBIO;102;238997;69,45;70,039887;70,6;16739322,98;D0
2025-04-08;CBIO;106;135793;69,7;70,171749;70,4505;9528832,3;D0
2025-04-09;CBIO;291;408098;69,3;70,094795;71,5;28605545,55;D0
2025-04-10;CBIO;412;420066;69,25;69,517499;70,0;29201937,76;D0
2025-04-11;CBIO;66;149895;69,0;69,667952;70,0;10442877,65;D0
2025-04-14;CBIO;38;189602;68,85;69,808515;70,0;13235834,0;D0
2025-04-15;CBIO;113;223765;69,0;69,876024;71,0;15635808,4;D0
2025-04-16;CBIO;581;310955;68,96;69,686703;71,51;21669428,87;D0
2025-04-17;CBIO;73;153310;69,0;69,702843;69,948016;10686142,85;D0
2025-04-22;CBIO;703;263016;68,5;69,232417;70,0;18209233,35;D0
2025-04-23;CBIO;67;171465;68,29;68,756319;70,0;11789302,19;D0
2025-04-24;CBIO;79;191044;67,85;68,406542;68,75;13068659,45;D0
2025-04-25;CBIO;385;456867;67,55;68,025853;68,5;31078767,22;D0
2025-04-28;CBIO;131;252448;66,91;67,613662;68,0;17068933,63;D0
2025-04-29;CBIO;129;194465;66,2;67,335371;69,3;13094372,87;D0
2025-04-30;CBIO;311;434440;66,15;67,032545;67,5;29121618,65;D0
2025-05-02;CBIO;172;241837;66,3;66,577794;67,0;16100974,0;D0
2025-05-05;CBIO;96;262535;65,5;66,081447;66,5;17348692,75;D0
2025-05-06;CBIO;266;459960;63,5;64,959064;67,0;29878571,2;D0
2025-05-07;CBIO;368;673224;58,35;60,451345;64,01;40697296,55;D0
2025-05-08;CBIO;98;262448;58,85;59,374639;60,0;15582755,3;D0
2025-05-09;CBIO;341;359141;58,11;59,125408;59,7;21234358,24;D0
2025-05-12;CBIO;85;128797;58,0;58,90172;59,35;7586364,78;D0
2025-05-13;CBIO;90;148255;58,31;59,266845;60,0;8786606,0;D0
2025-05-14;CBIO;74;161881;58,95;59,366263;59,65;9610269,95;D0
2025-05-15;CBIO;118;347290;59,05;59,526136;60,24;20672831,9;D0
2025-05-16;CBIO;169;536193;59,25;60,174921;61,5;32265371,14;D0
2025-05-19;CBIO;71;189324;59,8;60,673187;61,06;11486890,48;D0
2025-05-20;CBIO;87;151775;58,5;60,097072;60,7;9121233,05;D0
2025-05-21;CBIO;79;148359;60,0;60,415607;60,70201;8963199,0;D0
2025-05-22;CBIO;184;317652;60,5;60,930893;61,85;19354820,02;D0
2025-05-23;CBIO;165;143055;60,45;60,847119;61,25;8704484,55;D0
2025-05-26;CBIO;53;90725;59,8;60,767769;61,15;5513155,8;D0
2025-05-27;CBIO;207;260484;59,5;59,975037;61,0;15622537,5;D0
2025-05-28;CBIO;113;357798;59,3;59,722606;60,15;21368628,8;D0
2025-05-29;CBIO;24;69408;59,45;59,762987;60,05;4148029,4;D0
2025-05-30;CBIO;86;175001;59,2;59,722537;60,9;10451503,67;D0
2025-06-02;CBIO;247;347612;59,35;59,774811;60,1;20778441,55;D0
2025-06-03;CBIO;47;95523;59,4;59,850066;60,5;5717057,85;D0
2025-06-04;CBIO;123;232569;59,45;59,87776;60,35;13925710,7;D0
2025-06-05;CBIO;96;297390;59,5;59,842045;60,2;17796425,88;D0
2025-06-06;CBIO;87;209861;59,0;59,805206;60,35;12550780,3;D0
2025-06-09;CBIO;100;338048;59,35;59,867252;60,1;20238004,81;D0
2025-06-10;CBIO;127;420477;59,3;59,889192;60,5;25182027,8;D0
2025-06-11;CBIO;103;288977;59,3;59,903878;60,149259;17310843,02;D0
2025-06-12;CBIO;146;439832;59,45;59,99255;60,5;26386643,0;D0
2025-06-13;CBIO;869;729023;59,0;59,718791;60,249763;43536371,8;D0
2025-06-16;CBIO;74;129264;58,26;59,508124;59,8;7692258,14;D0
2025-06-17;CBIO;222;369100;59,0;59,491507;61,0;21958315,0;D0
2025-06-18;CBIO;179;357992;58,7;59,244598;59,8;21209092,02;D0
2025-06-20;CBIO;100;236183;58,8;59,31309;60,3;14008743,35;D0
2025-06-23;CBIO;115;135002;58,8;59,289926;59,6;8004258,6;D0
2025-06-24;CBIO;1154;812525;58,0;58,942918;60,09;47892594,85;D0
2025-06-25;CBIO;205;368455;58,3;58,798012;60,0;21664421,35;D0
2025-06-26;CBIO;46;111092;58,75;58,987704;60,0;6553062,0;D0
2025-06-27;CBIO;181;447046;57,8;58,710308;59,1;26246208,31;D0
2025-06-30;CBIO;580;1505517;59,0;60,588365;63,0;91216813,0;D0
2025-07-01;CBIO;205;473348;60,2;62,919233;63,99;29782693,1;D0
2025-07-02;CBIO;46;97960;61,5;62,615366;64,0;6133801,3;D0
2025-07-03;CBIO;130;183154;60,85;61,895561;62,25;11336419,65;D0
2025-07-04;CBIO;151;307026;59,05;61,698869;62,2;18943156,85;D0
2025-07-07;CBIO;43;99750;60,25;61,387977;63,0;6123450,75;D0
2025-07-08;CBIO;92;191203;60,5;61,344816;63,5;11729312,9;D0
2025-07-09;CBIO;221;441165;60,72;61,367674;61,6;27073270,01;D0
2025-07-10;CBIO;73;185071;61,02;61,409448;61,65;11365107,93;D0
2025-07-11;CBIO;125;307480;60,15;61,297305;61,81;18847695,27;D0
2025-07-14;CBIO;171;323341;60,5;61,473616;61,757279;19876940,45;D0
2025-07-15;CBIO;112;187760;61,15;61,586123;63,0;11563410,4;D0
2025-07-16;CBIO;219;522525;60,75;61,591184;62,63;32182933,13;D0
2025-07-17;CBIO;142;384186;61,07;61,452131;61,7;23609048,32;D0
2025-07-18;CBIO;633;739018;60,75;61,408279;64,3;45381823,45;D0
2025-07-21;CBIO;258;927330;61,05;61,81184;62,5;57319974,01;D0
2025-07-22;CBIO;126;215594;60,6;61,375504;62,25;13232190,44;D0
2025-07-23;CBIO;93;189002;60,0;61,421158;61,9;11608721,62;D0
2025-07-24;CBIO;847;606483;59,7;61,006475;61,55;36999389,9;D0
2025-07-25;CBIO;45;85414;59,2;60,084868;60,4;5132088,95;D0
2025-07-28;CBIO;62;111170;58,4;59,062944;61,1;6566027,43;D0
2025-07-29;CBIO;73;115832;57,81;58,817776;61,05;6812980,6;D0
2025-07-30;CBIO;118;296783;58,25;58,511049;59,0;17365084,65;D0
2025-07-31;CBIO;73;189976;58,5;58,621967;59,24;11136766,8;D0
2025-08-01;CBIO;121;161359;58,0;58,762821;59,3;9481910,07;D0
2025-08-04;CBIO;60;93016;58,45;58,808037;59,4;5470088,4;D0
2025-08-05;CBIO;96;250218;58,4;58,892495;61,05;14735962,2;D0
2025-08-06;CBIO;92;286783;58,65;58,866484;59,9;16881906,8;D0
2025-08-07;CBIO;549;586263;57,85;58,199257;59,5;34120071,1;D0
2025-08-08;CBIO;153;300847;57,0;57,48758;59,5;17294966,0;D0
2025-08-11;CBIO;80;99631;56,0;57,033903;58,75;5682344,75;D0
2025-08-12;CBIO;129;221557;56,05;56,708589;61,03;12564184,8;D0
2025-08-13;CBIO;143;342738;55,3;56,103734;57,0;19228881,51;D0
2025-08-14;CBIO;158;677470;54,35;55,184669;61,05;37385957,5;D0
2025-08-15;CBIO;156;613819;50,0;51,875823;54,8;31842365,62;D0
2025-08-18;CBIO;285;227259;47,9;49,288989;61,22;11201366,27;D0
2025-08-19;CBIO;198;238902;47,5;48,543652;53,9;11597175,53;D0
2025-08-20;CBIO;101;271076;47,5;47,848595;48,36;12970605,6;D0
2025-08-21;CBIO;184;279759;45,55;47,200858;47,75;13204864,59;D0
2025-08-22;CBIO;329;256145;40,0;43,797904;46,3;11218614,2;D0
2025-08-25;CBIO;69;255034;39,5;39,983352;40,3;10197114,1;D0
2025-08-26;CBIO;103;139074;37,6;38,39871;40,0;5340262,14;D0
2025-08-27;CBIO;129;305129;35,0;36,47076;38,25;11128286,65;D0
2025-08-28;CBIO;62;150037;33,0;34,902005;61,22;5236592,08;D0
2025-08-29;CBIO;48;151922;32,1;32,581544;33,6;4949853,4;D0
2025-09-01;CBIO;64;80626;32,3;33,207413;34,5;2677380,92;D0
2025-09-02;CBIO;204;381801;32,8;34,955965;37,5;13346222,39;D0
2025-09-03;CBIO;592;635101;35,8;37,215639;61,22;23635689,33;D0
2025-09-04;CBIO;180;455358;37,5;39,177326;40,0;17839708,65;D0
2025-09-05;CBIO;221;573436;38,4;39,952941;41,3;22910454,6;D0
2025-09-08;CBIO;205;563625;40,0;42,250277;43,89;23813312,21;D0
2025-09-09;CBIO;197;499717;41,2;44,52684;46,0;22250818,94;D0
2025-09-10;CBIO;634;1228524;45,5;48,478154;50,5;59556575,12;D0
2025-09-11;CBIO;1610;905221;48,8;49,656524;50,74;44950128,1;D0
2025-09-12;CBIO;95;184435;48,1;49,424092;50,0;9115532,35;D0
2025-09-15;CBIO;104;155600;48,5;48,707468;49,25;7578881,98;D0
2025-09-16;CBIO;65;106838;48,01;48,778217;49,5;5211367,18;D0
2025-09-17;CBIO;86;255082;47,65;48,192629;52,0;12293072,07;D0
2025-09-18;CBIO;111;272716;47,0;47,953434;48,8;13077668,8;D0
2025-09-19;CBIO;82;202073;47,2;47,512762;49,4;9601046,32;D0
2025-09-22;CBIO;625;288699;46,0;46,935395;47,5;13550201,5;D0
2025-09-23;CBIO;895;534285;42,1;44,269025;47,335593;23652276,09;D0
2025-09-24;CBIO;161;341434;41,65;42,153132;43,0;14392512,43;D0
2025-09-25;CBIO;67;178345;41,8;42,071318;42,35;7503209,2;D0
2025-09-26;CBIO;97;218811;41,0;41,491135;42,4;9078716,8;D0
2025-09-29;CBIO;141;204661;40,8;41,256567;42,0;8443610,23;D0
2025-09-30;CBIO;110;309900;39,5;41,013489;42,0;12710080,11;D0
2025-10-01;CBIO;77;165947;40,0;40,366233;54,04;6698655,28;D0
2025-10-02;CBIO;81;143493;39,0;39,844005;40,3;5717335,8;D0
2025-10-03;CBIO;124;272371;39,3;39,652206;39,99;10800111,0;D0
2025-10-06;CBIO;44;67504;39,4;39,589561;39,99;2672453,7;D0
2025-10-07;CBIO;131;519548;39,25;40,016731;41,0;20790612,45;D0
2025-10-08;CBIO;406;421448;39,8;40,169291;40,65;16929267,5;D0
2025-10-09;CBIO;226;300848;39,45;40,155429;40,5;12080680,52;D0
2025-10-10;CBIO;176;304540;39,55;40,557014;40,86;12351233,15;D0
2025-10-13;CBIO;151;588378;36,0;40,982095;41,3;24112962,8;D0
2025-10-14;CBIO;187;280912;40,37;41,079867;44,0;11539827,7;D0
2025-10-15;CBIO;266;1006192;36,0;41,128239;41,5;41382905,37;D0
2025-10-16;CBIO;273;451915;40,15;40,655292;41,35;18372736,09;D0
2025-10-17;CBIO;136;153871;40,0;40,329157;40,8;6205487,63;D0
2025-10-20;CBIO;49;79744;39,2;39,977443;40,75;3187961,2;D0
2025-10-21;CBIO;272;394396;38,46;39,27108;40,5;15488356,84;D0
2025-10-22;CBIO;191;234731;38,0;39,054028;40,0;9167191,04;D0
2025-10-23;CBIO;103;247655;37,9;38,614017;39,69;9562954,35;D0
2025-10-24;CBIO;83;241397;37,3;38,032679;38,35;9180974,68;D0
2025-10-27;CBIO;61;125279;37,56;37,945733;39,0;4753803,45;D0
2025-10-28;CBIO;118;217868;35,7;36,886366;38,0;8036358,78;D0
2025-10-29;CBIO;157;338763;35,3;36,063479;36,95;12216972,32;D0
2025-10-30;CBIO;181;284370;35,0;35,460536;35,9;10083912,51;D0
2025-10-31;CBIO;46;69486;34,9;35,310751;36,7;2453602,79;D0
2025-11-03;CBIO;72;130951;35,2;35,351214;35,55;4629276,85;D0
2025-11-04;CBIO;178;394303;34,5;35,312855;36,0;13923964,82;D0
2025-11-05;CBIO;237;455996;34,15;35,182725;36,5;16043181,93;D0
2025-11-06;CBIO;186;289626;34,6;35,110948;35,5;10169043,48;D0
2025-11-07;CBIO;129;297784;34,45;34,89165;35,35;10390175,15;D0
2025-11-10;CBIO;139;530130;34,25;35,060152;35,5;18586438,29;D0
2025-11-11;CBIO;39;49772;35,05;35,44594;38,0;1764215,31;D0
2025-11-12;CBIO;163;334061;34,55;35,089864;37,0;11722154,91;D0
2025-11-13;CBIO;46;132734;34,52;34,971831;35,85;4641951,02;D0
2025-11-14;CBIO;32;39733;34,6;34,951489;36,0;1388727,5;D0
2025-11-17;CBIO;156;514769;34,5;34,997524;36,15;18015640,25;D0
2025-11-18;CBIO;138;374851;34,8;35,29765;36,0;13231359,26;D0
2025-11-19;CBIO;294;601385;34,66;35,442574;36,5;21314632,42;D0
2025-11-21;CBIO;68;130378;35,1;35,282511;35,6;4600063,22;D0
2025-11-24;CBIO;37;96726;35,0;35,20966;35,47;3405689,54;D0
2025-11-25;CBIO;200;645976;34,7;35,082231;35,69;22662279,5;D0
2025-11-26;CBIO;362;988399;32,84;33,629291;35,3;33239157,14;D0
2025-11-27;CBIO;382;921935;32,75;33,072537;34,1;30490729,69;D0
2025-11-28;CBIO;309;739638;31,8;32,497655;33,15;24036500,5;D0
2025-12-01;CBIO;87;305529;31,0;31,524415;34,95;9631622,9;D0
2025-12-02;CBIO;295;529283;30,16;31,261061;32,0;16545947,99;D0
2025-12-03;CBIO;380;646829;30,8;31,168706;33,0;20160823,2;D0
2025-12-04;CBIO;544;583007;30,6;31,011393;31,5;18079859,01;D0
2025-12-05;CBIO;180;439597;29,7;30,461406;31,55;13390742,5;D0
2025-12-08;CBIO;786;625574;26,0;27,169287;30,85;16996399,75;D0
2025-12-09;CBIO;163;616376;26,0;27,041583;30,0;16667782,8;D0
2025-12-10;CBIO;209;678796;26,0;26,386429;29,4;17911002,15;D0
2025-12-11;CBIO;187;795074;25,7;26,032833;27,3;20698028,2;D0
2025-12-12;CBIO;370;826261;24,6;25,104286;26,2;20742692,26;D0
2025-12-15;CBIO;69;375112;24,3;25,002514;26,2;9378743,07;D0
2025-12-16;CBIO;140;541817;24,3;25,028922;25,8;13561095,37;D0
2025-12-17;CBIO;338;738622;25,0;28,254596;31,0;20869466,48;D0
2025-12-18;CBIO;285;925742;28,0;30,173846;32,0;27933196,66;D0
2025-12-19;CBIO;259;401052;30,0;31,395544;33,5;12591245,65;D0
2025-12-22;CBIO;516;710167;31,65;33,972443;35,3;24126107,77;D0
2025-12-23;CBIO;266;448197;35,0;35,93671;38,5;16106725,56;D0
2025-12-24;CBIO;65;154599;35,0;36,060318;36,5;5574889,16;D0
2025-12-26;CBIO;150;447283;34,0;36,164301;37,0;16175677,2;D0
2025-12-29;CBIO;79;259031;35,05;36,213825;36,5;9380503,42;D0
2025-12-30;CBIO;80;265179;35,0;35,621804;37,5;9446154,39;D0
2025-12-31;CBIO;59;77615;35,6;38,892959;42,0;3018677,0;D0
2026-01-02;CBIO;29;122746;35,5;36,75398;40,0;4511404,0;D0
2026-01-05;CBIO;38;88725;36,0;36,600642;37,0;3247392,0;D0
2026-01-06;CBIO;163;299825;34,0;35,746522;36,5;10717701,0;D0
2026-01-07;CBIO;80;152253;34,0;34,969817;36,0;5324259,45;D0
2026-01-08;CBIO;88;192456;30,6;32,390628;35,0;6233770,65;D0
2026-01-09;CBIO;127;422422;27,4;30,10452;34,0;12716811,6;D0
2026-01-12;CBIO;106;128369;27,5;27,965915;28,3;3589956,5;D0
2026-01-13;CBIO;56;99238;26,8;27,687411;28,5;2747643,25;D0
2026-01-14;CBIO;42;62373;28,0;28,541062;28,85;1780191,69;D0
2026-01-15;CBIO;58;173646;28,15;29,349361;29,9;5096399,05;D0
2026-01-16;CBIO;173;386204;28,8;29,510505;30,45;11397075,0;D0
2026-01-19;CBIO;46;108300;29,2;29,749783;30,25;3221901,5;D0
2026-01-20;CBIO;265;1071809;29,0;30,020601;30,5;32176350,35;D0
2026-01-21;CBIO;190;412846;29,75;30,377823;30,85;12541362,63;D0
2026-01-22;CBIO;98;240554;30,0;30,556441;31,0;7350474,0;D0
2026-01-23;CBIO;316;556061;30,0;30,217221;30,7;16802618,28;D0
2026-01-26;CBIO;50;161364;29,65;29,908708;31,0;4826188,65;D0
2026-01-27;CBIO;107;262572;28,8;29,336877;30,0;7703042,4;D0
2026-01-28;CBIO;40;76628;28,05;29,284482;29,5;2244011,3;D0
2026-01-29;CBIO;137;207281;28,05;29,282837;29,7;6069775,55;D0
2026-01-30;CBIO;157;248723;28,85;29,363981;30,09;7303497,52;D0
2026-02-02;CBIO;107;270685;29,45;29,931611;30,3;8102037,79;D0
2026-02-03;CBIO;88;238087;29,0;29,638014;30,5;7056425,92;D0
2026-02-04;CBIO;131;312750;29,1;29,629402;29,9;9266595,3;D0
2026-02-05;CBIO;459;1573920;29,5;30,162992;32,0;47474136,9;D0
2026-02-06;CBIO;250;631344;30,0;30,982076;31,6;19560347,8;D0
2026-02-09;CBIO;290;666688;30,05;32,014589;32,65;21343742,35;D0
2026-02-10;CBIO;1075;1257869;30,5;33,015161;34,25;41528747,55;D0
2026-02-11;CBIO;236;467241;32,4;33,012754;33,5;15424912,23;D0
2026-02-12;CBIO;193;380536;32,55;33,079296;33,5;12587863,0;D0
2026-02-13;CBIO;372;509198;32,05;33,149106;33,5;16879458,44;D0
2026-02-18;CBIO;118;196906;32,6;33,005053;33,3;6498893,04;D0
2026-02-19;CBIO;67;169908;32,0;33,052305;33,3;5615851,0;D0
2026-02-20;CBIO;184;471704;32,5;33,040886;33,5;15585518,01;D0
2026-02-23;CBIO;129;415800;32,7;33,109842;33,85;13767072,46;D0
2026-02-24;CBIO;320;723140;32,3;33,041249;33,5;23893449,02;D0
2026-02-25;CBIO;127;304225;32,05;32,567446;32,99;9907831,12;D0
2026-02-26;CBIO;163;348988;30,5;32,081077;33,2;11195910,91;D0
2026-02-27;CBIO;102;161566;30,8;31,286262;34,0;5054796,24;D0
2026-03-02;CBIO;436;376457;29,2;30,451132;31,5;11463541,94;D0
2026-03-03;CBIO;112;177229;29,1;29,613544;30,2;5248378,8;D0
2026-03-04;CBIO;303;428309;28,7;29,137466;29,6;12479839,01;D0
2026-03-05;CBIO;183;294952;28,56;29,184002;32,0;8607879,78;D0
2026-03-06;CBIO;224;287886;28,7;29,081964;29,61;8372290,2;D0
2026-03-09;CBIO;104;238170;28,62;29,105195;31,65;6931984,24;D0
2026-03-10;CBIO;126;412981;28,5;29,105304;29,6;12019937,57;D0
2026-03-11;CBIO;163;318712;28,5;29,163915;29,7;9294889,66;D0
2026-03-12;CBIO;121;309459;28,16;29,163651;29,6;9024954,2;D0
2026-03-13;CBIO;146;312855;28,85;29,273292;29,9;9158295,59;D0
2026-03-16;CBIO;86;210388;29,0;29,211532;29,7;6145755,8;D0
2026-03-17;CBIO;230;370729;28,65;29,229871;29,8;10836360,91;D0
2026-03-18;CBIO;283;580808;28,7;29,288634;29,8;17011073,0;D0
2026-03-19;CBIO;263;703935;28,85;29,31144;29,9;20633348,2;D0
2026-03-20;CBIO;225;484344;28,95;29,350868;29,8;14215916,85;D0
2026-03-23;CBIO;128;397033;28,83;29,279555;29,6;11624949,65;D0
2026-03-24;CBIO;644;1094890;19,9;29,21743;29,9;31989871,72;D0
2026-03-25;CBIO;387;646784;28,8;29,247531;29,8;18916834,8;D0
2026-03-26;CBIO;207;509577;28,8;29,255346;29,8;14907851,5;D0
2026-03-27;CBIO;246;741442;28,25;29,164226;29,7;21623581,9;D0
2026-03-30;CBIO;488;580351;28,8;29,220101;29,7;16957914,6;D0
2026-03-31;CBIO;277;851860;24,24;29,073735;29,7;24766751,6;D0
2026-04-01;CBIO;109;160082;28,51;29,107973;29,5;4659662,6;D0
2026-04-02;CBIO;92;101433;28,65;29,226373;29,8;2964518,7;D0
2026-04-06;CBIO;100;332980;28,65;29,15424;29,45;9707778,68;D0
2026-04-07;CBIO;113;183752;28,6;29,148937;29,65;5356175,54;D0
2026-04-08;CBIO;154;353608;28,6;29,120235;29,62;10297147,88;D0
2026-04-09;CBIO;135;505008;28,6;29,103626;29,6;14697563,99;D0
2026-04-10;CBIO;93;239764;28,62;29,1208;29,66;6982119,57;D0
2026-04-13;CBIO;191;407688;28,7;29,175163;29,69;11894363,96;D0
2026-04-14;CBIO;132;310834;28,65;29,155514;31,4;9062524,9;D0
2026-04-15;CBIO;270;534080;28,6;29,113735;29,6;15549063,44;D0
2026-04-16;CBIO;371;493296;28,5;29,112611;29,6;14361134,63;D0
2026-04-17;CBIO;99;220636;28,77;29,126017;29,4;6426247,85;D0
2026-04-20;CBIO;171;409653;28,75;29,098345;29,25;11920224,36;D0
2026-04-22;CBIO;153;294247;28,65;29,104883;29,36;8564024,47;D0
2026-04-23;CBIO;257;691708;28,11;29,038475;29,6;20086145,41;D0
2026-04-24;CBIO;237;567773;28,6;29,083342;29,5;16512736,05;D0
2026-04-27;CBIO;120;264066;28,7;29,090586;29,3;7681834,65;D0
2026-04-28;CBIO;184;357993;28,05;29,138233;30,24;10431283,37;D0
2026-04-29;CBIO;201;428154;28,6;29,142603;29,5;12477521,92;D0
2026-04-30;CBIO;194;681127;28,77;29,103053;29,37;19822875,27;D0
2026-05-04;CBIO;63;122670;28,6;29,178102;29,62;3579277,72;D0
2026-05-05;CBIO;169;271433;28,61;29,122054;30,1;7904686,59;D0
2026-05-06;CBIO;144;356982;28,61;29,101124;29,35;10388577,33;D0
2026-05-07;CBIO;206;588863;28,6;29,094924;29,41;17132923,93;D0
2026-05-08;CBIO;165;341126;28,7;29,074544;29,95;9918082,84;D0
2026-05-11;CBIO;121;298193;28,65;29,056866;30,12;8664554,0;D0
2026-05-12;CBIO;76;230356;28,4;28,929779;29,8;6664148,18;D0
2026-05-13;CBIO;166;353185;28,25;28,784406;29,6;10166220,41;D0
2026-05-14;CBIO;176;558828;28,05;28,555659;29,1;15957701,5;D0
2026-05-15;CBIO;156;298389;27,9;28,471293;28,8;8495520,59;D0
2026-05-18;CBIO;86;222540;28,0;28,197238;28,5;6275013,3;D0
2026-05-19;CBIO;188;412123;27,51;28,045171;28,9;11558060,05;D0
2026-05-20;CBIO;207;451649;27,5;28,03942;29,7;12663976,07;D0
2026-05-21;CBIO;80;201566;27,4;27,921129;28,4;5627950,3;D0
2026-05-22;CBIO;217;474123;27,1;27,608944;28,05;13090035,3;D0
2026-05-25;CBIO;152;379408;26,75;27,249508;27,8;10338681,5;D0
2026-05-26;CBIO;203;369529;26,0;26,563588;27,55;9816016,07;D0
2026-05-27;CBIO;403;768507;25,0;26,001959;28,95;19982687,26;D0
2026-05-28;CBIO;229;462026;24,5;25,101469;25,8;11597531,32;D0
2026-05-29;CBIO;180;444250;24,6;25,013652;25,85;11112314,7;D0
2026-06-01;CBIO;118;223128;24,0;25,407989;28,7;5669233,8;D0
2026-06-02;CBIO;187;321342;23,5;24,503705;28,5;7874069,5;D0
2026-06-03;CBIO;415;647914;23,5;23,964755;24,3;15527099,98;D0
2026-06-05;CBIO;288;529221;23,03;23,60461;24,2;12492055,04;D0
2026-06-08;CBIO;198;273193;23,0;23,831021;28,05;6510467,99;D0
2026-06-09;CBIO;278;399100;22,01;22,936774;26,1;9154066,35;D0
2026-06-10;CBIO;177;517219;20,52;22,03037;23,0;11394526,19;D0
2026-06-11;CBIO;245;945168;19,7;20,810632;26,9;19669543,53;D0
2026-06-12;CBIO;223;703760;20,49;20,950129;21,5;14743862,45;D0
2026-06-15;CBIO;135;356004;20,3;21,095102;21,5;7509940,86;D0
2026-06-16;CBIO;122;252781;20,15;20,972087;25,6;5301345,15;D0
2026-06-17;CBIO;166;296326;20,15;20,546998;21,85;6088609,6;D0
2026-06-18;CBIO;187;399814;20,1;20,482196;20,75;8189068,75;D0
2026-06-19;CBIO;218;319292;20,15;20,600635;25,0;6577618,1;D0
2026-06-22;CBIO;212;533759;20,0;20,315579;20,7;10843622,98;D0
2026-06-23;CBIO;284;515275;19,6;20,284701;25,0;10452199,14;D0
2026-06-24;CBIO;405;954413;19,6;20,1195;20,65;19202312,04;D0
2026-06-25;CBIO;93;308475;20,0;20,248287;25,0;6246090,3;D0
2026-06-26;CBIO;123;180060;19,8;20,432649;25,0;3679102,75;D0
2026-06-29;CBIO;253;402969;19,8;20,255447;20,75;8162317,14;D0
2026-06-30;CBIO;211;402307;19,85;20,268673;20,5;8154228,87;D0
2026-07-01;CBIO;184;331697;19,9;20,330366;20,7;6743521,29;D0
2026-07-02;CBIO;323;741856;20,15;20,552201;21,2;15246773,3;D0
2026-07-03;CBIO;204;486421;20,5;21,027915;21,55;10228419,54;D0
2026-07-06;CBIO;193;428906;21,4;21,962335;23,0;9419777,3;D0
2026-07-07;CBIO;220;626711;21,8;22,572431;23,5;14146390,9;D0
2026-07-08;CBIO;172;547456;22,65;23,419824;24,0;12821323,07;D0
2026-07-09;CBIO;250;648723;23,0;24,026921;25,0;15586816,4;D0
2026-07-10;CBIO;69;177441;23,9;24,766536;26,0;4394598,9;D0
2026-07-13;CBIO;332;817610;24,5;25,880826;30,0;21160422,09;D0
2026-07-14;CBIO;431;963978;26,6;29,307244;30,5;28251538,38;D0
2026-07-15;CBIO;373;637674;29,6;31,212283;32,2;19903261,36;D0
2026-07-16;CBIO;113;201200;28,0;29,054;30,35;5845664,74;D0
2026-07-17;CBIO;191;366150;28,2;28,550466;28,8;10453753,18;D0
2026-07-20;CBIO;151;319534;27,0;27,624316;28,5;8826908,14;D0
2026-07-21;CBIO;157;189790;26,6;27,156468;27,86;5154026,1;D0
2026-07-22;CBIO;97;141849;26,5;26,82346;27,1;3804881,0;D0
2026-07-23;CBIO;117;369495;25,65;26,260731;27,9;9703208,64;D0
2026-07-24;CBIO;121;360303;24,0;25,169895;26,2;9068788,59;D0
2026-07-27;CBIO;108;151814;23,7;24,151748;24,4;3666573,43;D0
2026-07-28;CBIO;99;123035;23,5;24,369236;27,3;2998268,89;D0
2026-07-29;CBIO;115;203131;23,6;24,122862;24,6;4900101,14;D0
2026-07-30;CBIO;122;251572;23,85;24,111299;24,5;6065727,76;D0
2026-07-31;CBIO;116;167141;23,6;24,137061;24,3;4034292,51;D0
2026-08-03;CBIO;119;256767;24,0;24,180641;26,95;6208790,55;D0
2026-08-04;CBIO;124;237216;23,51;24,037353;24,25;5702044,75;D0
2026-08-05;CBIO;213;333252;23,5;24,070924;25,5;8021683,63;D0
2026-08-06;CBIO;213;352686;22,8;23,845808;24,3;8410082,38;D0
2026-08-07;CBIO;332;443051;22,15;23,037988;23,9;10207003,56;D0
2026-08-10;CBIO;95;257595;22,0;22,504757;23,2;5797112,76;D0
2026-08-11;CBIO;108;166599;21,8;22,731122;27,0;3786982,21;D0
2026-08-12;CBIO;73;128732;21,75;22,105153;22,3;2845640,55;D0
2026-08-13;CBIO;159;362949;21,55;22,067917;22,2;8009528,28;D0
2026-08-14;CBIO;107;453466;22,05;22,223056;23,9;10077400,21;D0
2026-08-17;CBIO;144;378044;21,8;22,627622;24,0;8554236,6;D0
2026-08-18;CBIO;134;357719;22,5;23,016395;23,45;8233401,63;D0
2026-08-19;CBIO;182;327599;22,6;23,545891;24,0;7713610,13;D0
2026-08-20;CBIO;171;500794;23,35;24,004891;24,6;12021505,36;D0
2026-08-21;CBIO;131;382619;23,6;24,464036;26,0;9360404,94;D0
2026-08-24;CBIO;240;679796;24,25;25,122256;27,0;17078009,32;D0
2026-08-25;CBIO;252;689870;24,7;26,637748;28,0;18376583,45;D0
2026-08-26;CBIO;194;398078;27,0;27,775213;30,0;11056701,29;D0
2026-08-27;CBIO;430;1193796;28,1;29,043409;30,2;34671905,37;D0
2026-08-28;CBIO;525;867377;28,65;30,028233;30,4;26045798,4;D0
2026-08-31;CBIO;80;285147;27,0;28,071734;29,2;8004570,62;D0
2026-09-01;CBIO;81;149027;26,75;27,070972;27,5;4034305,8;D0
2026-09-02;CBIO;121;309364;26,5;27,037388;27,2;8364394,39;D0
2026-09-03;CBIO;72;170718;26,7;27,051911;27,3;4618248,05;D0
2026-09-04;CBIO;76;148451;26,5;27,036659;27,2;4013619,03;D0
2026-09-08;CBIO;149;201014;26,0;26,950382;29,4;5417403,89;D0
2026-09-09;CBIO;120;332001;26,15;27,005044;27,3;8965701,69;D0
2026-09-10;CBIO;141;431979;26,1;26,779555;27,1;11568205,41;D0
2026-09-11;CBIO;138;296512;26,3;26,764463;27,0;7935984,53;D0
2026-09-14;CBIO;119;209375;26,25;26,707198;26,9;5591819,6;D0
2026-09-15;CBIO;136;490044;26,4;26,795108;27,0;13130781,83;D0
2026-09-16;CBIO;119;186484;26,15;26,693555;26,95;4977920,92;D0
2026-09-17;CBIO;108;191973;26,0;26,664459;27,8;5118856,23;D0
2026-09-18;CBIO;166;351450;26,1;26,586892;26,79;9343963,09;D0
2026-09-21;CBIO;98;297204;26,2;26,599005;26,8;7905330,8;D0
2026-09-22;CBIO;155;428769;25,8;26,516148;26,7;11369302,12;D0
2026-09-23;CBIO;130;238979;25,95;26,398271;26,7;6308632,39;D0
2026-09-24;CBIO;177;621146;25,8;26,278647;26,6;16322876,06;D0
2026-09-25;CBIO;113;272925;25,65;26,164188;26,3;7140861,07;D0
2026-09-28;CBIO;62;188182;25,55;26,122178;26,45;4915723,78;D0
2026-09-29;CBIO;181;632343;25,0;26,109474;26,38;16510143,07;D0
2026-09-30;CBIO;146;289087;25,45;25,932007;26,9;7496605,99;D0
