year;quarter;series;category;value
2012;Q4;ACCUs emitidas;Vegetação;0,0
2013;Q1;ACCUs emitidas;Vegetação;0,0
2013;Q2;ACCUs emitidas;Vegetação;11962,0
2013;Q3;ACCUs emitidas;Vegetação;0,0
2013;Q4;ACCUs emitidas;Vegetação;249937,0
2014;Q1;ACCUs emitidas;Vegetação;437504,0
2014;Q2;ACCUs emitidas;Vegetação;680710,0
2014;Q3;ACCUs emitidas;Vegetação;898124,0
2014;Q4;ACCUs emitidas;Vegetação;2024448,0
2015;Q1;ACCUs emitidas;Vegetação;1111962,0
2015;Q2;ACCUs emitidas;Vegetação;638718,0
2015;Q3;ACCUs emitidas;Vegetação;1438156,0
2015;Q4;ACCUs emitidas;Vegetação;1346954,0
2016;Q1;ACCUs emitidas;Vegetação;1650732,0
2016;Q2;ACCUs emitidas;Vegetação;1967161,0
2016;Q3;ACCUs emitidas;Vegetação;2441364,0
2016;Q4;ACCUs emitidas;Vegetação;2394281,0
2017;Q1;ACCUs emitidas;Vegetação;800239,0
2017;Q2;ACCUs emitidas;Vegetação;2595762,0
2017;Q3;ACCUs emitidas;Vegetação;1173691,0
2017;Q4;ACCUs emitidas;Vegetação;2480880,0
2018;Q1;ACCUs emitidas;Vegetação;1443055,0
2018;Q2;ACCUs emitidas;Vegetação;2344732,0
2018;Q3;ACCUs emitidas;Vegetação;955451,0
2018;Q4;ACCUs emitidas;Vegetação;2014238,0
2019;Q1;ACCUs emitidas;Vegetação;1491980,0
2019;Q2;ACCUs emitidas;Vegetação;2832089,0
2019;Q3;ACCUs emitidas;Vegetação;1486212,0
2019;Q4;ACCUs emitidas;Vegetação;2494348,0
2020;Q1;ACCUs emitidas;Vegetação;2409504,0
2020;Q2;ACCUs emitidas;Vegetação;2662324,0
2020;Q3;ACCUs emitidas;Vegetação;1597098,0
2020;Q4;ACCUs emitidas;Vegetação;3010930,0
2021;Q1;ACCUs emitidas;Vegetação;1840204,0
2021;Q2;ACCUs emitidas;Vegetação;2670300,0
2021;Q3;ACCUs emitidas;Vegetação;2261226,0
2021;Q4;ACCUs emitidas;Vegetação;2571002,0
2022;Q1;ACCUs emitidas;Vegetação;2099793,0
2022;Q2;ACCUs emitidas;Vegetação;2631819,0
2022;Q3;ACCUs emitidas;Vegetação;2129636,0
2022;Q4;ACCUs emitidas;Vegetação;2949405,0
2023;Q1;ACCUs emitidas;Vegetação;1029657,0
2023;Q2;ACCUs emitidas;Vegetação;1994187,0
2023;Q3;ACCUs emitidas;Vegetação;3336827,0
2023;Q4;ACCUs emitidas;Vegetação;2544815,0
2024;Q1;ACCUs emitidas;Vegetação;2001363,0
2024;Q2;ACCUs emitidas;Vegetação;1761956,0
2024;Q3;ACCUs emitidas;Vegetação;2323958,0
2024;Q4;ACCUs emitidas;Vegetação;3230424,0
2025;Q1;ACCUs emitidas;Vegetação;2405598,0
2025;Q2;ACCUs emitidas;Vegetação;3268879,0
2025;Q3;ACCUs emitidas;Vegetação;3047163,0
2025;Q4;ACCUs emitidas;Vegetação;3107776,0
2026;Q1;ACCUs emitidas;Vegetação;3670900,0
2026;Q2;ACCUs emitidas;Vegetação;2723255,0
2012;Q3;ACCUs emitidas;Resíduos;0,0
2012;Q4;ACCUs emitidas;Resíduos;348110,0
2013;Q1;ACCUs emitidas;Resíduos;45341,0
2013;Q2;ACCUs emitidas;Resíduos;1310713,0
2013;Q3;ACCUs emitidas;Resíduos;218911,0
2013;Q4;ACCUs emitidas;Resíduos;1980291,0
2014;Q1;ACCUs emitidas;Resíduos;155514,0
2014;Q2;ACCUs emitidas;Resíduos;176880,0
2014;Q3;ACCUs emitidas;Resíduos;1623985,0
2014;Q4;ACCUs emitidas;Resíduos;1132041,0
2015;Q1;ACCUs emitidas;Resíduos;749827,0
2015;Q2;ACCUs emitidas;Resíduos;150863,0
2015;Q3;ACCUs emitidas;Resíduos;66074,0
2015;Q4;ACCUs emitidas;Resíduos;1264474,0
2016;Q1;ACCUs emitidas;Resíduos;864654,0
2016;Q2;ACCUs emitidas;Resíduos;918961,0
2016;Q3;ACCUs emitidas;Resíduos;231008,0
2016;Q4;ACCUs emitidas;Resíduos;1324344,0
2017;Q1;ACCUs emitidas;Resíduos;900425,0
2017;Q2;ACCUs emitidas;Resíduos;712103,0
2017;Q3;ACCUs emitidas;Resíduos;785943,0
2017;Q4;ACCUs emitidas;Resíduos;1106464,0
2018;Q1;ACCUs emitidas;Resíduos;475965,0
2018;Q2;ACCUs emitidas;Resíduos;440644,0
2018;Q3;ACCUs emitidas;Resíduos;1664309,0
2018;Q4;ACCUs emitidas;Resíduos;363342,0
2019;Q1;ACCUs emitidas;Resíduos;1159172,0
2019;Q2;ACCUs emitidas;Resíduos;887966,0
2019;Q3;ACCUs emitidas;Resíduos;1774611,0
2019;Q4;ACCUs emitidas;Resíduos;619376,0
2020;Q1;ACCUs emitidas;Resíduos;936022,0
2020;Q2;ACCUs emitidas;Resíduos;606166,0
2020;Q3;ACCUs emitidas;Resíduos;688192,0
2020;Q4;ACCUs emitidas;Resíduos;1816561,0
2021;Q1;ACCUs emitidas;Resíduos;852778,0
2021;Q2;ACCUs emitidas;Resíduos;1568119,0
2021;Q3;ACCUs emitidas;Resíduos;1907849,0
2021;Q4;ACCUs emitidas;Resíduos;625412,0
2022;Q1;ACCUs emitidas;Resíduos;880188,0
2022;Q2;ACCUs emitidas;Resíduos;676403,0
2022;Q3;ACCUs emitidas;Resíduos;3316622,0
2022;Q4;ACCUs emitidas;Resíduos;646281,0
2023;Q1;ACCUs emitidas;Resíduos;394145,0
2023;Q2;ACCUs emitidas;Resíduos;1408753,0
2023;Q3;ACCUs emitidas;Resíduos;1948240,0
2023;Q4;ACCUs emitidas;Resíduos;1018877,0
2024;Q1;ACCUs emitidas;Resíduos;1528900,0
2024;Q2;ACCUs emitidas;Resíduos;1512917,0
2024;Q3;ACCUs emitidas;Resíduos;1018192,0
2024;Q4;ACCUs emitidas;Resíduos;1980767,0
2025;Q1;ACCUs emitidas;Resíduos;415174,0
2025;Q2;ACCUs emitidas;Resíduos;2630726,0
2025;Q3;ACCUs emitidas;Resíduos;1231404,0
2025;Q4;ACCUs emitidas;Resíduos;1943398,0
2026;Q1;ACCUs emitidas;Resíduos;805935,0
2026;Q2;ACCUs emitidas;Resíduos;1521335,0
2012;Q3;ACCUs emitidas;Manejo de queimadas na savana;0,0
2012;Q4;ACCUs emitidas;Manejo de queimadas na savana;0,0
2013;Q1;ACCUs emitidas;Manejo de queimadas na savana;0,0
2013;Q2;ACCUs emitidas;Manejo de queimadas na savana;25884,0
2013;Q3;ACCUs emitidas;Manejo de queimadas na savana;26772,0
2013;Q4;ACCUs emitidas;Manejo de queimadas na savana;0,0
2014;Q1;ACCUs emitidas;Manejo de queimadas na savana;0,0
2014;Q2;ACCUs emitidas;Manejo de queimadas na savana;414886,0
2014;Q3;ACCUs emitidas;Manejo de queimadas na savana;0,0
2014;Q4;ACCUs emitidas;Manejo de queimadas na savana;18994,0
2015;Q1;ACCUs emitidas;Manejo de queimadas na savana;847407,0
2015;Q2;ACCUs emitidas;Manejo de queimadas na savana;67762,0
2015;Q3;ACCUs emitidas;Manejo de queimadas na savana;128928,0
2015;Q4;ACCUs emitidas;Manejo de queimadas na savana;7487,0
2016;Q1;ACCUs emitidas;Manejo de queimadas na savana;239008,0
2016;Q2;ACCUs emitidas;Manejo de queimadas na savana;729714,0
2016;Q3;ACCUs emitidas;Manejo de queimadas na savana;117991,0
2016;Q4;ACCUs emitidas;Manejo de queimadas na savana;135852,0
2017;Q1;ACCUs emitidas;Manejo de queimadas na savana;160351,0
2017;Q2;ACCUs emitidas;Manejo de queimadas na savana;1106195,0
2017;Q3;ACCUs emitidas;Manejo de queimadas na savana;48009,0
2017;Q4;ACCUs emitidas;Manejo de queimadas na savana;34605,0
2018;Q1;ACCUs emitidas;Manejo de queimadas na savana;66778,0
2018;Q2;ACCUs emitidas;Manejo de queimadas na savana;1479283,0
2018;Q3;ACCUs emitidas;Manejo de queimadas na savana;336444,0
2018;Q4;ACCUs emitidas;Manejo de queimadas na savana;0,0
2019;Q1;ACCUs emitidas;Manejo de queimadas na savana;0,0
2019;Q2;ACCUs emitidas;Manejo de queimadas na savana;766238,0
2019;Q3;ACCUs emitidas;Manejo de queimadas na savana;249890,0
2019;Q4;ACCUs emitidas;Manejo de queimadas na savana;25560,0
2020;Q1;ACCUs emitidas;Manejo de queimadas na savana;185221,0
2020;Q2;ACCUs emitidas;Manejo de queimadas na savana;982557,0
2020;Q3;ACCUs emitidas;Manejo de queimadas na savana;119158,0
2020;Q4;ACCUs emitidas;Manejo de queimadas na savana;17163,0
2021;Q1;ACCUs emitidas;Manejo de queimadas na savana;50477,0
2021;Q2;ACCUs emitidas;Manejo de queimadas na savana;970180,0
2021;Q3;ACCUs emitidas;Manejo de queimadas na savana;599099,0
2021;Q4;ACCUs emitidas;Manejo de queimadas na savana;20958,0
2022;Q1;ACCUs emitidas;Manejo de queimadas na savana;17753,0
2022;Q2;ACCUs emitidas;Manejo de queimadas na savana;1130902,0
2022;Q3;ACCUs emitidas;Manejo de queimadas na savana;123304,0
2022;Q4;ACCUs emitidas;Manejo de queimadas na savana;44335,0
2023;Q1;ACCUs emitidas;Manejo de queimadas na savana;104511,0
2023;Q2;ACCUs emitidas;Manejo de queimadas na savana;412693,0
2023;Q3;ACCUs emitidas;Manejo de queimadas na savana;847373,0
2023;Q4;ACCUs emitidas;Manejo de queimadas na savana;389497,0
2024;Q1;ACCUs emitidas;Manejo de queimadas na savana;146698,0
2024;Q2;ACCUs emitidas;Manejo de queimadas na savana;425885,0
2024;Q3;ACCUs emitidas;Manejo de queimadas na savana;932530,0
2024;Q4;ACCUs emitidas;Manejo de queimadas na savana;62316,0
2025;Q1;ACCUs emitidas;Manejo de queimadas na savana;58403,0
2025;Q2;ACCUs emitidas;Manejo de queimadas na savana;500226,0
2025;Q3;ACCUs emitidas;Manejo de queimadas na savana;956376,0
2025;Q4;ACCUs emitidas;Manejo de queimadas na savana;78287,0
2026;Q1;ACCUs emitidas;Manejo de queimadas na savana;70203,0
2026;Q2;ACCUs emitidas;Manejo de queimadas na savana;508378,0
2015;Q1;ACCUs emitidas;Eficiência energética;0,0
2015;Q2;ACCUs emitidas;Eficiência energética;0,0
2015;Q3;ACCUs emitidas;Eficiência energética;0,0
2015;Q4;ACCUs emitidas;Eficiência energética;0,0
2016;Q1;ACCUs emitidas;Eficiência energética;0,0
2016;Q2;ACCUs emitidas;Eficiência energética;0,0
2016;Q3;ACCUs emitidas;Eficiência energética;0,0
2016;Q4;ACCUs emitidas;Eficiência energética;0,0
2017;Q1;ACCUs emitidas;Eficiência energética;0,0
2017;Q2;ACCUs emitidas;Eficiência energética;120425,0
2017;Q3;ACCUs emitidas;Eficiência energética;0,0
2017;Q4;ACCUs emitidas;Eficiência energética;20985,0
2018;Q1;ACCUs emitidas;Eficiência energética;176403,0
2018;Q2;ACCUs emitidas;Eficiência energética;9578,0
2018;Q3;ACCUs emitidas;Eficiência energética;34172,0
2018;Q4;ACCUs emitidas;Eficiência energética;21037,0
2019;Q1;ACCUs emitidas;Eficiência energética;173205,0
2019;Q2;ACCUs emitidas;Eficiência energética;47250,0
2019;Q3;ACCUs emitidas;Eficiência energética;22594,0
2019;Q4;ACCUs emitidas;Eficiência energética;204386,0
2020;Q1;ACCUs emitidas;Eficiência energética;15929,0
2020;Q2;ACCUs emitidas;Eficiência energética;186830,0
2020;Q3;ACCUs emitidas;Eficiência energética;10787,0
2020;Q4;ACCUs emitidas;Eficiência energética;241694,0
2021;Q1;ACCUs emitidas;Eficiência energética;198504,0
2021;Q2;ACCUs emitidas;Eficiência energética;74083,0
2021;Q3;ACCUs emitidas;Eficiência energética;16295,0
2021;Q4;ACCUs emitidas;Eficiência energética;122888,0
2022;Q1;ACCUs emitidas;Eficiência energética;180107,0
2022;Q2;ACCUs emitidas;Eficiência energética;178081,0
2022;Q3;ACCUs emitidas;Eficiência energética;35791,0
2022;Q4;ACCUs emitidas;Eficiência energética;136533,0
2023;Q1;ACCUs emitidas;Eficiência energética;13695,0
2023;Q2;ACCUs emitidas;Eficiência energética;324783,0
2023;Q3;ACCUs emitidas;Eficiência energética;97945,0
2023;Q4;ACCUs emitidas;Eficiência energética;35305,0
2024;Q1;ACCUs emitidas;Eficiência energética;20320,0
2024;Q2;ACCUs emitidas;Eficiência energética;141288,0
2024;Q3;ACCUs emitidas;Eficiência energética;0,0
2024;Q4;ACCUs emitidas;Eficiência energética;138795,0
2025;Q1;ACCUs emitidas;Eficiência energética;0,0
2025;Q2;ACCUs emitidas;Eficiência energética;30180,0
2025;Q3;ACCUs emitidas;Eficiência energética;0,0
2025;Q4;ACCUs emitidas;Eficiência energética;465701,0
2026;Q1;ACCUs emitidas;Eficiência energética;118814,0
2026;Q2;ACCUs emitidas;Eficiência energética;105098,0
2015;Q1;ACCUs emitidas;Emissões fugitivas industriais;0,0
2015;Q2;ACCUs emitidas;Emissões fugitivas industriais;0,0
2015;Q3;ACCUs emitidas;Emissões fugitivas industriais;0,0
2015;Q4;ACCUs emitidas;Emissões fugitivas industriais;0,0
2016;Q1;ACCUs emitidas;Emissões fugitivas industriais;0,0
2016;Q2;ACCUs emitidas;Emissões fugitivas industriais;0,0
2016;Q3;ACCUs emitidas;Emissões fugitivas industriais;0,0
2016;Q4;ACCUs emitidas;Emissões fugitivas industriais;0,0
2017;Q1;ACCUs emitidas;Emissões fugitivas industriais;0,0
2017;Q2;ACCUs emitidas;Emissões fugitivas industriais;0,0
2017;Q3;ACCUs emitidas;Emissões fugitivas industriais;0,0
2017;Q4;ACCUs emitidas;Emissões fugitivas industriais;0,0
2018;Q1;ACCUs emitidas;Emissões fugitivas industriais;0,0
2018;Q2;ACCUs emitidas;Emissões fugitivas industriais;0,0
2018;Q3;ACCUs emitidas;Emissões fugitivas industriais;418663,0
2018;Q4;ACCUs emitidas;Emissões fugitivas industriais;0,0
2019;Q1;ACCUs emitidas;Emissões fugitivas industriais;0,0
2019;Q2;ACCUs emitidas;Emissões fugitivas industriais;337647,0
2019;Q3;ACCUs emitidas;Emissões fugitivas industriais;13861,0
2019;Q4;ACCUs emitidas;Emissões fugitivas industriais;0,0
2020;Q1;ACCUs emitidas;Emissões fugitivas industriais;0,0
2020;Q2;ACCUs emitidas;Emissões fugitivas industriais;302761,0
2020;Q3;ACCUs emitidas;Emissões fugitivas industriais;0,0
2020;Q4;ACCUs emitidas;Emissões fugitivas industriais;0,0
2021;Q1;ACCUs emitidas;Emissões fugitivas industriais;0,0
2021;Q2;ACCUs emitidas;Emissões fugitivas industriais;274463,0
2021;Q3;ACCUs emitidas;Emissões fugitivas industriais;0,0
2021;Q4;ACCUs emitidas;Emissões fugitivas industriais;0,0
2022;Q1;ACCUs emitidas;Emissões fugitivas industriais;0,0
2022;Q2;ACCUs emitidas;Emissões fugitivas industriais;240758,0
2022;Q3;ACCUs emitidas;Emissões fugitivas industriais;0,0
2022;Q4;ACCUs emitidas;Emissões fugitivas industriais;0,0
2023;Q1;ACCUs emitidas;Emissões fugitivas industriais;0,0
2023;Q2;ACCUs emitidas;Emissões fugitivas industriais;75246,0
2023;Q3;ACCUs emitidas;Emissões fugitivas industriais;580200,0
2023;Q4;ACCUs emitidas;Emissões fugitivas industriais;0,0
2024;Q1;ACCUs emitidas;Emissões fugitivas industriais;68162,0
2024;Q2;ACCUs emitidas;Emissões fugitivas industriais;0,0
2024;Q3;ACCUs emitidas;Emissões fugitivas industriais;447907,0
2024;Q4;ACCUs emitidas;Emissões fugitivas industriais;193328,0
2025;Q1;ACCUs emitidas;Emissões fugitivas industriais;0,0
2025;Q2;ACCUs emitidas;Emissões fugitivas industriais;0,0
2025;Q3;ACCUs emitidas;Emissões fugitivas industriais;157798,0
2025;Q4;ACCUs emitidas;Emissões fugitivas industriais;75544,0
2026;Q1;ACCUs emitidas;Emissões fugitivas industriais;0,0
2026;Q2;ACCUs emitidas;Emissões fugitivas industriais;15233,0
2012;Q2;ACCUs emitidas;Agricultura;0,0
2012;Q3;ACCUs emitidas;Agricultura;0,0
2012;Q4;ACCUs emitidas;Agricultura;0,0
2013;Q1;ACCUs emitidas;Agricultura;0,0
2013;Q2;ACCUs emitidas;Agricultura;8169,0
2013;Q3;ACCUs emitidas;Agricultura;0,0
2013;Q4;ACCUs emitidas;Agricultura;0,0
2014;Q1;ACCUs emitidas;Agricultura;19213,0
2014;Q2;ACCUs emitidas;Agricultura;19855,0
2014;Q3;ACCUs emitidas;Agricultura;0,0
2014;Q4;ACCUs emitidas;Agricultura;19351,0
2015;Q1;ACCUs emitidas;Agricultura;34624,0
2015;Q2;ACCUs emitidas;Agricultura;0,0
2015;Q3;ACCUs emitidas;Agricultura;5600,0
2015;Q4;ACCUs emitidas;Agricultura;9000,0
2016;Q1;ACCUs emitidas;Agricultura;41542,0
2016;Q2;ACCUs emitidas;Agricultura;41290,0
2016;Q3;ACCUs emitidas;Agricultura;8973,0
2016;Q4;ACCUs emitidas;Agricultura;26521,0
2017;Q1;ACCUs emitidas;Agricultura;62649,0
2017;Q2;ACCUs emitidas;Agricultura;13508,0
2017;Q3;ACCUs emitidas;Agricultura;8297,0
2017;Q4;ACCUs emitidas;Agricultura;39875,0
2018;Q1;ACCUs emitidas;Agricultura;23653,0
2018;Q2;ACCUs emitidas;Agricultura;49063,0
2018;Q3;ACCUs emitidas;Agricultura;51396,0
2018;Q4;ACCUs emitidas;Agricultura;57545,0
2019;Q1;ACCUs emitidas;Agricultura;11876,0
2019;Q2;ACCUs emitidas;Agricultura;26921,0
2019;Q3;ACCUs emitidas;Agricultura;64104,0
2019;Q4;ACCUs emitidas;Agricultura;131330,0
2020;Q1;ACCUs emitidas;Agricultura;47789,0
2020;Q2;ACCUs emitidas;Agricultura;33141,0
2020;Q3;ACCUs emitidas;Agricultura;56073,0
2020;Q4;ACCUs emitidas;Agricultura;102191,0
2021;Q1;ACCUs emitidas;Agricultura;165365,0
2021;Q2;ACCUs emitidas;Agricultura;110189,0
2021;Q3;ACCUs emitidas;Agricultura;27980,0
2021;Q4;ACCUs emitidas;Agricultura;91582,0
2022;Q1;ACCUs emitidas;Agricultura;160812,0
2022;Q2;ACCUs emitidas;Agricultura;30401,0
2022;Q3;ACCUs emitidas;Agricultura;73592,0
2022;Q4;ACCUs emitidas;Agricultura;10134,0
2023;Q1;ACCUs emitidas;Agricultura;290414,0
2023;Q2;ACCUs emitidas;Agricultura;161796,0
2023;Q3;ACCUs emitidas;Agricultura;152197,0
2023;Q4;ACCUs emitidas;Agricultura;24722,0
2024;Q1;ACCUs emitidas;Agricultura;27174,0
2024;Q2;ACCUs emitidas;Agricultura;25828,0
2024;Q3;ACCUs emitidas;Agricultura;123736,0
2024;Q4;ACCUs emitidas;Agricultura;76137,0
2025;Q1;ACCUs emitidas;Agricultura;145619,0
2025;Q2;ACCUs emitidas;Agricultura;23202,0
2025;Q3;ACCUs emitidas;Agricultura;70076,0
2025;Q4;ACCUs emitidas;Agricultura;115546,0
2026;Q1;ACCUs emitidas;Agricultura;46525,0
2026;Q2;ACCUs emitidas;Agricultura;353286,0
2021;Q3;ACCUs emitidas;Captura de carbono;0,0
2021;Q4;ACCUs emitidas;Captura de carbono;0,0
2022;Q1;ACCUs emitidas;Captura de carbono;0,0
2022;Q2;ACCUs emitidas;Captura de carbono;0,0
2022;Q3;ACCUs emitidas;Captura de carbono;0,0
2022;Q4;ACCUs emitidas;Captura de carbono;0,0
2023;Q1;ACCUs emitidas;Captura de carbono;0,0
2023;Q2;ACCUs emitidas;Captura de carbono;0,0
2023;Q3;ACCUs emitidas;Captura de carbono;0,0
2023;Q4;ACCUs emitidas;Captura de carbono;0,0
2024;Q1;ACCUs emitidas;Captura de carbono;0,0
2024;Q2;ACCUs emitidas;Captura de carbono;0,0
2024;Q3;ACCUs emitidas;Captura de carbono;0,0
2024;Q4;ACCUs emitidas;Captura de carbono;0,0
2025;Q1;ACCUs emitidas;Captura de carbono;0,0
2025;Q2;ACCUs emitidas;Captura de carbono;0,0
2025;Q3;ACCUs emitidas;Captura de carbono;0,0
2025;Q4;ACCUs emitidas;Captura de carbono;907872,0
2026;Q1;ACCUs emitidas;Captura de carbono;286790,0
2026;Q2;ACCUs emitidas;Captura de carbono;208765,0
2015;Q1;ACCUs emitidas;Transporte;0,0
2015;Q2;ACCUs emitidas;Transporte;0,0
2015;Q3;ACCUs emitidas;Transporte;0,0
2015;Q4;ACCUs emitidas;Transporte;0,0
2016;Q1;ACCUs emitidas;Transporte;0,0
2016;Q2;ACCUs emitidas;Transporte;0,0
2016;Q3;ACCUs emitidas;Transporte;0,0
2016;Q4;ACCUs emitidas;Transporte;0,0
2017;Q1;ACCUs emitidas;Transporte;0,0
2017;Q2;ACCUs emitidas;Transporte;0,0
2017;Q3;ACCUs emitidas;Transporte;0,0
2017;Q4;ACCUs emitidas;Transporte;0,0
2018;Q1;ACCUs emitidas;Transporte;0,0
2018;Q2;ACCUs emitidas;Transporte;0,0
2018;Q3;ACCUs emitidas;Transporte;12468,0
2018;Q4;ACCUs emitidas;Transporte;0,0
2019;Q1;ACCUs emitidas;Transporte;0,0
2019;Q2;ACCUs emitidas;Transporte;0,0
2019;Q3;ACCUs emitidas;Transporte;9489,0
2019;Q4;ACCUs emitidas;Transporte;0,0
2020;Q1;ACCUs emitidas;Transporte;0,0
2020;Q2;ACCUs emitidas;Transporte;12453,0
2020;Q3;ACCUs emitidas;Transporte;12261,0
2020;Q4;ACCUs emitidas;Transporte;0,0
2021;Q1;ACCUs emitidas;Transporte;0,0
2021;Q2;ACCUs emitidas;Transporte;19505,0
2021;Q3;ACCUs emitidas;Transporte;2324,0
2021;Q4;ACCUs emitidas;Transporte;0,0
2022;Q1;ACCUs emitidas;Transporte;0,0
2022;Q2;ACCUs emitidas;Transporte;34895,0
2022;Q3;ACCUs emitidas;Transporte;0,0
2022;Q4;ACCUs emitidas;Transporte;10514,0
2023;Q1;ACCUs emitidas;Transporte;0,0
2023;Q2;ACCUs emitidas;Transporte;0,0
2023;Q3;ACCUs emitidas;Transporte;35230,0
2023;Q4;ACCUs emitidas;Transporte;0,0
2024;Q1;ACCUs emitidas;Transporte;0,0
2024;Q2;ACCUs emitidas;Transporte;0,0
2024;Q3;ACCUs emitidas;Transporte;0,0
2024;Q4;ACCUs emitidas;Transporte;0,0
2025;Q1;ACCUs emitidas;Transporte;18975,0
2025;Q2;ACCUs emitidas;Transporte;0,0
2025;Q3;ACCUs emitidas;Transporte;0,0
2025;Q4;ACCUs emitidas;Transporte;0,0
2026;Q1;ACCUs emitidas;Transporte;0,0
2026;Q2;ACCUs emitidas;Transporte;0,0
2015;Q3;ACCUs emitidas;Instalações;0,0
2015;Q4;ACCUs emitidas;Instalações;0,0
2016;Q1;ACCUs emitidas;Instalações;0,0
2016;Q2;ACCUs emitidas;Instalações;0,0
2016;Q3;ACCUs emitidas;Instalações;0,0
2016;Q4;ACCUs emitidas;Instalações;0,0
2017;Q1;ACCUs emitidas;Instalações;0,0
2017;Q2;ACCUs emitidas;Instalações;0,0
2017;Q3;ACCUs emitidas;Instalações;0,0
2017;Q4;ACCUs emitidas;Instalações;0,0
2018;Q1;ACCUs emitidas;Instalações;0,0
2018;Q2;ACCUs emitidas;Instalações;0,0
2018;Q3;ACCUs emitidas;Instalações;0,0
2018;Q4;ACCUs emitidas;Instalações;0,0
2019;Q1;ACCUs emitidas;Instalações;0,0
2019;Q2;ACCUs emitidas;Instalações;0,0
2019;Q3;ACCUs emitidas;Instalações;0,0
2019;Q4;ACCUs emitidas;Instalações;0,0
2020;Q1;ACCUs emitidas;Instalações;0,0
2020;Q2;ACCUs emitidas;Instalações;0,0
2020;Q3;ACCUs emitidas;Instalações;0,0
2020;Q4;ACCUs emitidas;Instalações;0,0
2021;Q1;ACCUs emitidas;Instalações;0,0
2021;Q2;ACCUs emitidas;Instalações;0,0
2021;Q3;ACCUs emitidas;Instalações;0,0
2021;Q4;ACCUs emitidas;Instalações;0,0
2022;Q1;ACCUs emitidas;Instalações;0,0
2022;Q2;ACCUs emitidas;Instalações;0,0
2022;Q3;ACCUs emitidas;Instalações;0,0
2022;Q4;ACCUs emitidas;Instalações;0,0
2023;Q1;ACCUs emitidas;Instalações;0,0
2023;Q2;ACCUs emitidas;Instalações;0,0
2023;Q3;ACCUs emitidas;Instalações;0,0
2023;Q4;ACCUs emitidas;Instalações;0,0
2024;Q1;ACCUs emitidas;Instalações;0,0
2024;Q2;ACCUs emitidas;Instalações;0,0
2024;Q3;ACCUs emitidas;Instalações;104424,0
2024;Q4;ACCUs emitidas;Instalações;491753,0
2025;Q1;ACCUs emitidas;Instalações;0,0
2025;Q2;ACCUs emitidas;Instalações;0,0
2025;Q3;ACCUs emitidas;Instalações;0,0
2025;Q4;ACCUs emitidas;Instalações;0,0
2026;Q1;ACCUs emitidas;Instalações;461368,0
2026;Q2;ACCUs emitidas;Instalações;0,0
2012;Q4;Projetos registrados;Vegetação;1,0
2013;Q1;Projetos registrados;Vegetação;1,0
2013;Q2;Projetos registrados;Vegetação;4,0
2013;Q3;Projetos registrados;Vegetação;4,0
2013;Q4;Projetos registrados;Vegetação;2,0
2014;Q1;Projetos registrados;Vegetação;7,0
2014;Q2;Projetos registrados;Vegetação;17,0
2014;Q3;Projetos registrados;Vegetação;14,0
2014;Q4;Projetos registrados;Vegetação;15,0
2015;Q1;Projetos registrados;Vegetação;24,0
2015;Q2;Projetos registrados;Vegetação;21,0
2015;Q3;Projetos registrados;Vegetação;84,0
2015;Q4;Projetos registrados;Vegetação;6,0
2016;Q1;Projetos registrados;Vegetação;4,0
2016;Q2;Projetos registrados;Vegetação;20,0
2016;Q3;Projetos registrados;Vegetação;0,0
2016;Q4;Projetos registrados;Vegetação;12,0
2017;Q1;Projetos registrados;Vegetação;11,0
2017;Q2;Projetos registrados;Vegetação;4,0
2017;Q3;Projetos registrados;Vegetação;5,0
2017;Q4;Projetos registrados;Vegetação;20,0
2018;Q1;Projetos registrados;Vegetação;4,0
2018;Q2;Projetos registrados;Vegetação;45,0
2018;Q3;Projetos registrados;Vegetação;5,0
2018;Q4;Projetos registrados;Vegetação;20,0
2019;Q1;Projetos registrados;Vegetação;3,0
2019;Q2;Projetos registrados;Vegetação;7,0
2019;Q3;Projetos registrados;Vegetação;4,0
2019;Q4;Projetos registrados;Vegetação;5,0
2020;Q1;Projetos registrados;Vegetação;9,0
2020;Q2;Projetos registrados;Vegetação;9,0
2020;Q3;Projetos registrados;Vegetação;29,0
2020;Q4;Projetos registrados;Vegetação;15,0
2021;Q1;Projetos registrados;Vegetação;14,0
2021;Q2;Projetos registrados;Vegetação;11,0
2021;Q3;Projetos registrados;Vegetação;16,0
2021;Q4;Projetos registrados;Vegetação;10,0
2022;Q1;Projetos registrados;Vegetação;41,0
2022;Q2;Projetos registrados;Vegetação;23,0
2022;Q3;Projetos registrados;Vegetação;18,0
2022;Q4;Projetos registrados;Vegetação;24,0
2023;Q1;Projetos registrados;Vegetação;40,0
2023;Q2;Projetos registrados;Vegetação;54,0
2023;Q3;Projetos registrados;Vegetação;92,0
2023;Q4;Projetos registrados;Vegetação;27,0
2024;Q1;Projetos registrados;Vegetação;46,0
2024;Q2;Projetos registrados;Vegetação;26,0
2024;Q3;Projetos registrados;Vegetação;76,0
2024;Q4;Projetos registrados;Vegetação;20,0
2025;Q1;Projetos registrados;Vegetação;22,0
2025;Q2;Projetos registrados;Vegetação;35,0
2025;Q3;Projetos registrados;Vegetação;61,0
2025;Q4;Projetos registrados;Vegetação;36,0
2026;Q1;Projetos registrados;Vegetação;30,0
2026;Q2;Projetos registrados;Vegetação;53,0
2014;Q3;Projetos registrados;Agricultura: carbono no solo;0,0
2014;Q4;Projetos registrados;Agricultura: carbono no solo;0,0
2015;Q1;Projetos registrados;Agricultura: carbono no solo;0,0
2015;Q2;Projetos registrados;Agricultura: carbono no solo;2,0
2015;Q3;Projetos registrados;Agricultura: carbono no solo;0,0
2015;Q4;Projetos registrados;Agricultura: carbono no solo;4,0
2016;Q1;Projetos registrados;Agricultura: carbono no solo;1,0
2016;Q2;Projetos registrados;Agricultura: carbono no solo;0,0
2016;Q3;Projetos registrados;Agricultura: carbono no solo;0,0
2016;Q4;Projetos registrados;Agricultura: carbono no solo;2,0
2017;Q1;Projetos registrados;Agricultura: carbono no solo;3,0
2017;Q2;Projetos registrados;Agricultura: carbono no solo;1,0
2017;Q3;Projetos registrados;Agricultura: carbono no solo;1,0
2017;Q4;Projetos registrados;Agricultura: carbono no solo;2,0
2018;Q1;Projetos registrados;Agricultura: carbono no solo;1,0
2018;Q2;Projetos registrados;Agricultura: carbono no solo;3,0
2018;Q3;Projetos registrados;Agricultura: carbono no solo;1,0
2018;Q4;Projetos registrados;Agricultura: carbono no solo;1,0
2019;Q1;Projetos registrados;Agricultura: carbono no solo;0,0
2019;Q2;Projetos registrados;Agricultura: carbono no solo;0,0
2019;Q3;Projetos registrados;Agricultura: carbono no solo;0,0
2019;Q4;Projetos registrados;Agricultura: carbono no solo;0,0
2020;Q1;Projetos registrados;Agricultura: carbono no solo;3,0
2020;Q2;Projetos registrados;Agricultura: carbono no solo;3,0
2020;Q3;Projetos registrados;Agricultura: carbono no solo;10,0
2020;Q4;Projetos registrados;Agricultura: carbono no solo;38,0
2021;Q1;Projetos registrados;Agricultura: carbono no solo;21,0
2021;Q2;Projetos registrados;Agricultura: carbono no solo;19,0
2021;Q3;Projetos registrados;Agricultura: carbono no solo;29,0
2021;Q4;Projetos registrados;Agricultura: carbono no solo;30,0
2022;Q1;Projetos registrados;Agricultura: carbono no solo;62,0
2022;Q2;Projetos registrados;Agricultura: carbono no solo;65,0
2022;Q3;Projetos registrados;Agricultura: carbono no solo;36,0
2022;Q4;Projetos registrados;Agricultura: carbono no solo;47,0
2023;Q1;Projetos registrados;Agricultura: carbono no solo;24,0
2023;Q2;Projetos registrados;Agricultura: carbono no solo;18,0
2023;Q3;Projetos registrados;Agricultura: carbono no solo;17,0
2023;Q4;Projetos registrados;Agricultura: carbono no solo;32,0
2024;Q1;Projetos registrados;Agricultura: carbono no solo;39,0
2024;Q2;Projetos registrados;Agricultura: carbono no solo;27,0
2024;Q3;Projetos registrados;Agricultura: carbono no solo;91,0
2024;Q4;Projetos registrados;Agricultura: carbono no solo;55,0
2025;Q1;Projetos registrados;Agricultura: carbono no solo;41,0
2025;Q2;Projetos registrados;Agricultura: carbono no solo;57,0
2025;Q3;Projetos registrados;Agricultura: carbono no solo;86,0
2025;Q4;Projetos registrados;Agricultura: carbono no solo;27,0
2026;Q1;Projetos registrados;Agricultura: carbono no solo;29,0
2026;Q2;Projetos registrados;Agricultura: carbono no solo;18,0
2012;Q3;Projetos registrados;Resíduos;4,0
2012;Q4;Projetos registrados;Resíduos;13,0
2013;Q1;Projetos registrados;Resíduos;19,0
2013;Q2;Projetos registrados;Resíduos;9,0
2013;Q3;Projetos registrados;Resíduos;14,0
2013;Q4;Projetos registrados;Resíduos;8,0
2014;Q1;Projetos registrados;Resíduos;5,0
2014;Q2;Projetos registrados;Resíduos;3,0
2014;Q3;Projetos registrados;Resíduos;4,0
2014;Q4;Projetos registrados;Resíduos;1,0
2015;Q1;Projetos registrados;Resíduos;2,0
2015;Q2;Projetos registrados;Resíduos;6,0
2015;Q3;Projetos registrados;Resíduos;11,0
2015;Q4;Projetos registrados;Resíduos;2,0
2016;Q1;Projetos registrados;Resíduos;0,0
2016;Q2;Projetos registrados;Resíduos;9,0
2016;Q3;Projetos registrados;Resíduos;1,0
2016;Q4;Projetos registrados;Resíduos;0,0
2017;Q1;Projetos registrados;Resíduos;4,0
2017;Q2;Projetos registrados;Resíduos;0,0
2017;Q3;Projetos registrados;Resíduos;0,0
2017;Q4;Projetos registrados;Resíduos;2,0
2018;Q1;Projetos registrados;Resíduos;1,0
2018;Q2;Projetos registrados;Resíduos;1,0
2018;Q3;Projetos registrados;Resíduos;0,0
2018;Q4;Projetos registrados;Resíduos;2,0
2019;Q1;Projetos registrados;Resíduos;0,0
2019;Q2;Projetos registrados;Resíduos;1,0
2019;Q3;Projetos registrados;Resíduos;0,0
2019;Q4;Projetos registrados;Resíduos;1,0
2020;Q1;Projetos registrados;Resíduos;2,0
2020;Q2;Projetos registrados;Resíduos;4,0
2020;Q3;Projetos registrados;Resíduos;0,0
2020;Q4;Projetos registrados;Resíduos;1,0
2021;Q1;Projetos registrados;Resíduos;0,0
2021;Q2;Projetos registrados;Resíduos;5,0
2021;Q3;Projetos registrados;Resíduos;2,0
2021;Q4;Projetos registrados;Resíduos;2,0
2022;Q1;Projetos registrados;Resíduos;3,0
2022;Q2;Projetos registrados;Resíduos;8,0
2022;Q3;Projetos registrados;Resíduos;6,0
2022;Q4;Projetos registrados;Resíduos;5,0
2023;Q1;Projetos registrados;Resíduos;2,0
2023;Q2;Projetos registrados;Resíduos;5,0
2023;Q3;Projetos registrados;Resíduos;6,0
2023;Q4;Projetos registrados;Resíduos;3,0
2024;Q1;Projetos registrados;Resíduos;6,0
2024;Q2;Projetos registrados;Resíduos;5,0
2024;Q3;Projetos registrados;Resíduos;9,0
2024;Q4;Projetos registrados;Resíduos;5,0
2025;Q1;Projetos registrados;Resíduos;15,0
2025;Q2;Projetos registrados;Resíduos;4,0
2025;Q3;Projetos registrados;Resíduos;0,0
2025;Q4;Projetos registrados;Resíduos;0,0
2026;Q1;Projetos registrados;Resíduos;9,0
2026;Q2;Projetos registrados;Resíduos;4,0
2015;Q1;Projetos registrados;Eficiência energética;0,0
2015;Q2;Projetos registrados;Eficiência energética;2,0
2015;Q3;Projetos registrados;Eficiência energética;1,0
2015;Q4;Projetos registrados;Eficiência energética;7,0
2016;Q1;Projetos registrados;Eficiência energética;1,0
2016;Q2;Projetos registrados;Eficiência energética;1,0
2016;Q3;Projetos registrados;Eficiência energética;1,0
2016;Q4;Projetos registrados;Eficiência energética;0,0
2017;Q1;Projetos registrados;Eficiência energética;1,0
2017;Q2;Projetos registrados;Eficiência energética;0,0
2017;Q3;Projetos registrados;Eficiência energética;0,0
2017;Q4;Projetos registrados;Eficiência energética;1,0
2018;Q1;Projetos registrados;Eficiência energética;2,0
2018;Q2;Projetos registrados;Eficiência energética;1,0
2018;Q3;Projetos registrados;Eficiência energética;0,0
2018;Q4;Projetos registrados;Eficiência energética;1,0
2019;Q1;Projetos registrados;Eficiência energética;0,0
2019;Q2;Projetos registrados;Eficiência energética;1,0
2019;Q3;Projetos registrados;Eficiência energética;0,0
2019;Q4;Projetos registrados;Eficiência energética;1,0
2020;Q1;Projetos registrados;Eficiência energética;0,0
2020;Q2;Projetos registrados;Eficiência energética;2,0
2020;Q3;Projetos registrados;Eficiência energética;0,0
2020;Q4;Projetos registrados;Eficiência energética;2,0
2021;Q1;Projetos registrados;Eficiência energética;0,0
2021;Q2;Projetos registrados;Eficiência energética;4,0
2021;Q3;Projetos registrados;Eficiência energética;3,0
2021;Q4;Projetos registrados;Eficiência energética;2,0
2022;Q1;Projetos registrados;Eficiência energética;5,0
2022;Q2;Projetos registrados;Eficiência energética;1,0
2022;Q3;Projetos registrados;Eficiência energética;4,0
2022;Q4;Projetos registrados;Eficiência energética;1,0
2023;Q1;Projetos registrados;Eficiência energética;3,0
2023;Q2;Projetos registrados;Eficiência energética;2,0
2023;Q3;Projetos registrados;Eficiência energética;0,0
2023;Q4;Projetos registrados;Eficiência energética;1,0
2024;Q1;Projetos registrados;Eficiência energética;0,0
2024;Q2;Projetos registrados;Eficiência energética;0,0
2024;Q3;Projetos registrados;Eficiência energética;0,0
2024;Q4;Projetos registrados;Eficiência energética;0,0
2025;Q1;Projetos registrados;Eficiência energética;0,0
2025;Q2;Projetos registrados;Eficiência energética;2,0
2025;Q3;Projetos registrados;Eficiência energética;0,0
2025;Q4;Projetos registrados;Eficiência energética;1,0
2026;Q1;Projetos registrados;Eficiência energética;1,0
2026;Q2;Projetos registrados;Eficiência energética;0,0
2012;Q2;Projetos registrados;Agricultura: outros;0,0
2012;Q3;Projetos registrados;Agricultura: outros;0,0
2012;Q4;Projetos registrados;Agricultura: outros;1,0
2013;Q1;Projetos registrados;Agricultura: outros;2,0
2013;Q2;Projetos registrados;Agricultura: outros;0,0
2013;Q3;Projetos registrados;Agricultura: outros;1,0
2013;Q4;Projetos registrados;Agricultura: outros;0,0
2014;Q1;Projetos registrados;Agricultura: outros;3,0
2014;Q2;Projetos registrados;Agricultura: outros;0,0
2014;Q3;Projetos registrados;Agricultura: outros;0,0
2014;Q4;Projetos registrados;Agricultura: outros;0,0
2015;Q1;Projetos registrados;Agricultura: outros;1,0
2015;Q2;Projetos registrados;Agricultura: outros;0,0
2015;Q3;Projetos registrados;Agricultura: outros;1,0
2015;Q4;Projetos registrados;Agricultura: outros;0,0
2016;Q1;Projetos registrados;Agricultura: outros;1,0
2016;Q2;Projetos registrados;Agricultura: outros;2,0
2016;Q3;Projetos registrados;Agricultura: outros;0,0
2016;Q4;Projetos registrados;Agricultura: outros;0,0
2017;Q1;Projetos registrados;Agricultura: outros;0,0
2017;Q2;Projetos registrados;Agricultura: outros;0,0
2017;Q3;Projetos registrados;Agricultura: outros;0,0
2017;Q4;Projetos registrados;Agricultura: outros;1,0
2018;Q1;Projetos registrados;Agricultura: outros;0,0
2018;Q2;Projetos registrados;Agricultura: outros;1,0
2018;Q3;Projetos registrados;Agricultura: outros;0,0
2018;Q4;Projetos registrados;Agricultura: outros;0,0
2019;Q1;Projetos registrados;Agricultura: outros;0,0
2019;Q2;Projetos registrados;Agricultura: outros;1,0
2019;Q3;Projetos registrados;Agricultura: outros;0,0
2019;Q4;Projetos registrados;Agricultura: outros;1,0
2020;Q1;Projetos registrados;Agricultura: outros;0,0
2020;Q2;Projetos registrados;Agricultura: outros;0,0
2020;Q3;Projetos registrados;Agricultura: outros;0,0
2020;Q4;Projetos registrados;Agricultura: outros;0,0
2021;Q1;Projetos registrados;Agricultura: outros;1,0
2021;Q2;Projetos registrados;Agricultura: outros;0,0
2021;Q3;Projetos registrados;Agricultura: outros;0,0
2021;Q4;Projetos registrados;Agricultura: outros;1,0
2022;Q1;Projetos registrados;Agricultura: outros;4,0
2022;Q2;Projetos registrados;Agricultura: outros;3,0
2022;Q3;Projetos registrados;Agricultura: outros;2,0
2022;Q4;Projetos registrados;Agricultura: outros;3,0
2023;Q1;Projetos registrados;Agricultura: outros;0,0
2023;Q2;Projetos registrados;Agricultura: outros;0,0
2023;Q3;Projetos registrados;Agricultura: outros;3,0
2023;Q4;Projetos registrados;Agricultura: outros;0,0
2024;Q1;Projetos registrados;Agricultura: outros;0,0
2024;Q2;Projetos registrados;Agricultura: outros;0,0
2024;Q3;Projetos registrados;Agricultura: outros;1,0
2024;Q4;Projetos registrados;Agricultura: outros;2,0
2025;Q1;Projetos registrados;Agricultura: outros;1,0
2025;Q2;Projetos registrados;Agricultura: outros;0,0
2025;Q3;Projetos registrados;Agricultura: outros;4,0
2025;Q4;Projetos registrados;Agricultura: outros;3,0
2026;Q1;Projetos registrados;Agricultura: outros;0,0
2026;Q2;Projetos registrados;Agricultura: outros;0,0
2012;Q3;Projetos registrados;Manejo de queimadas na savana;0,0
2012;Q4;Projetos registrados;Manejo de queimadas na savana;1,0
2013;Q1;Projetos registrados;Manejo de queimadas na savana;1,0
2013;Q2;Projetos registrados;Manejo de queimadas na savana;0,0
2013;Q3;Projetos registrados;Manejo de queimadas na savana;1,0
2013;Q4;Projetos registrados;Manejo de queimadas na savana;0,0
2014;Q1;Projetos registrados;Manejo de queimadas na savana;7,0
2014;Q2;Projetos registrados;Manejo de queimadas na savana;0,0
2014;Q3;Projetos registrados;Manejo de queimadas na savana;9,0
2014;Q4;Projetos registrados;Manejo de queimadas na savana;10,0
2015;Q1;Projetos registrados;Manejo de queimadas na savana;2,0
2015;Q2;Projetos registrados;Manejo de queimadas na savana;0,0
2015;Q3;Projetos registrados;Manejo de queimadas na savana;9,0
2015;Q4;Projetos registrados;Manejo de queimadas na savana;4,0
2016;Q1;Projetos registrados;Manejo de queimadas na savana;8,0
2016;Q2;Projetos registrados;Manejo de queimadas na savana;2,0
2016;Q3;Projetos registrados;Manejo de queimadas na savana;0,0
2016;Q4;Projetos registrados;Manejo de queimadas na savana;6,0
2017;Q1;Projetos registrados;Manejo de queimadas na savana;0,0
2017;Q2;Projetos registrados;Manejo de queimadas na savana;0,0
2017;Q3;Projetos registrados;Manejo de queimadas na savana;0,0
2017;Q4;Projetos registrados;Manejo de queimadas na savana;2,0
2018;Q1;Projetos registrados;Manejo de queimadas na savana;3,0
2018;Q2;Projetos registrados;Manejo de queimadas na savana;0,0
2018;Q3;Projetos registrados;Manejo de queimadas na savana;0,0
2018;Q4;Projetos registrados;Manejo de queimadas na savana;0,0
2019;Q1;Projetos registrados;Manejo de queimadas na savana;0,0
2019;Q2;Projetos registrados;Manejo de queimadas na savana;0,0
2019;Q3;Projetos registrados;Manejo de queimadas na savana;1,0
2019;Q4;Projetos registrados;Manejo de queimadas na savana;0,0
2020;Q1;Projetos registrados;Manejo de queimadas na savana;0,0
2020;Q2;Projetos registrados;Manejo de queimadas na savana;1,0
2020;Q3;Projetos registrados;Manejo de queimadas na savana;0,0
2020;Q4;Projetos registrados;Manejo de queimadas na savana;2,0
2021;Q1;Projetos registrados;Manejo de queimadas na savana;0,0
2021;Q2;Projetos registrados;Manejo de queimadas na savana;0,0
2021;Q3;Projetos registrados;Manejo de queimadas na savana;1,0
2021;Q4;Projetos registrados;Manejo de queimadas na savana;1,0
2022;Q1;Projetos registrados;Manejo de queimadas na savana;0,0
2022;Q2;Projetos registrados;Manejo de queimadas na savana;0,0
2022;Q3;Projetos registrados;Manejo de queimadas na savana;0,0
2022;Q4;Projetos registrados;Manejo de queimadas na savana;1,0
2023;Q1;Projetos registrados;Manejo de queimadas na savana;0,0
2023;Q2;Projetos registrados;Manejo de queimadas na savana;1,0
2023;Q3;Projetos registrados;Manejo de queimadas na savana;0,0
2023;Q4;Projetos registrados;Manejo de queimadas na savana;2,0
2024;Q1;Projetos registrados;Manejo de queimadas na savana;0,0
2024;Q2;Projetos registrados;Manejo de queimadas na savana;0,0
2024;Q3;Projetos registrados;Manejo de queimadas na savana;0,0
2024;Q4;Projetos registrados;Manejo de queimadas na savana;6,0
2025;Q1;Projetos registrados;Manejo de queimadas na savana;0,0
2025;Q2;Projetos registrados;Manejo de queimadas na savana;0,0
2025;Q3;Projetos registrados;Manejo de queimadas na savana;0,0
2025;Q4;Projetos registrados;Manejo de queimadas na savana;1,0
2026;Q1;Projetos registrados;Manejo de queimadas na savana;0,0
2026;Q2;Projetos registrados;Manejo de queimadas na savana;0,0
2015;Q1;Projetos registrados;Transporte;0,0
2015;Q2;Projetos registrados;Transporte;0,0
2015;Q3;Projetos registrados;Transporte;0,0
2015;Q4;Projetos registrados;Transporte;2,0
2016;Q1;Projetos registrados;Transporte;0,0
2016;Q2;Projetos registrados;Transporte;0,0
2016;Q3;Projetos registrados;Transporte;0,0
2016;Q4;Projetos registrados;Transporte;0,0
2017;Q1;Projetos registrados;Transporte;0,0
2017;Q2;Projetos registrados;Transporte;0,0
2017;Q3;Projetos registrados;Transporte;0,0
2017;Q4;Projetos registrados;Transporte;0,0
2018;Q1;Projetos registrados;Transporte;0,0
2018;Q2;Projetos registrados;Transporte;0,0
2018;Q3;Projetos registrados;Transporte;0,0
2018;Q4;Projetos registrados;Transporte;0,0
2019;Q1;Projetos registrados;Transporte;0,0
2019;Q2;Projetos registrados;Transporte;0,0
2019;Q3;Projetos registrados;Transporte;0,0
2019;Q4;Projetos registrados;Transporte;0,0
2020;Q1;Projetos registrados;Transporte;0,0
2020;Q2;Projetos registrados;Transporte;0,0
2020;Q3;Projetos registrados;Transporte;0,0
2020;Q4;Projetos registrados;Transporte;0,0
2021;Q1;Projetos registrados;Transporte;0,0
2021;Q2;Projetos registrados;Transporte;1,0
2021;Q3;Projetos registrados;Transporte;0,0
2021;Q4;Projetos registrados;Transporte;0,0
2022;Q1;Projetos registrados;Transporte;1,0
2022;Q2;Projetos registrados;Transporte;0,0
2022;Q3;Projetos registrados;Transporte;3,0
2022;Q4;Projetos registrados;Transporte;0,0
2023;Q1;Projetos registrados;Transporte;0,0
2023;Q2;Projetos registrados;Transporte;0,0
2023;Q3;Projetos registrados;Transporte;1,0
2023;Q4;Projetos registrados;Transporte;2,0
2024;Q1;Projetos registrados;Transporte;0,0
2024;Q2;Projetos registrados;Transporte;1,0
2024;Q3;Projetos registrados;Transporte;0,0
2024;Q4;Projetos registrados;Transporte;0,0
2025;Q1;Projetos registrados;Transporte;2,0
2025;Q2;Projetos registrados;Transporte;0,0
2025;Q3;Projetos registrados;Transporte;0,0
2025;Q4;Projetos registrados;Transporte;0,0
2026;Q1;Projetos registrados;Transporte;0,0
2026;Q2;Projetos registrados;Transporte;0,0
2015;Q1;Projetos registrados;Emissões fugitivas industriais;0,0
2015;Q2;Projetos registrados;Emissões fugitivas industriais;0,0
2015;Q3;Projetos registrados;Emissões fugitivas industriais;3,0
2015;Q4;Projetos registrados;Emissões fugitivas industriais;0,0
2016;Q1;Projetos registrados;Emissões fugitivas industriais;0,0
2016;Q2;Projetos registrados;Emissões fugitivas industriais;0,0
2016;Q3;Projetos registrados;Emissões fugitivas industriais;1,0
2016;Q4;Projetos registrados;Emissões fugitivas industriais;1,0
2017;Q1;Projetos registrados;Emissões fugitivas industriais;0,0
2017;Q2;Projetos registrados;Emissões fugitivas industriais;0,0
2017;Q3;Projetos registrados;Emissões fugitivas industriais;0,0
2017;Q4;Projetos registrados;Emissões fugitivas industriais;1,0
2018;Q1;Projetos registrados;Emissões fugitivas industriais;0,0
2018;Q2;Projetos registrados;Emissões fugitivas industriais;0,0
2018;Q3;Projetos registrados;Emissões fugitivas industriais;0,0
2018;Q4;Projetos registrados;Emissões fugitivas industriais;0,0
2019;Q1;Projetos registrados;Emissões fugitivas industriais;0,0
2019;Q2;Projetos registrados;Emissões fugitivas industriais;0,0
2019;Q3;Projetos registrados;Emissões fugitivas industriais;0,0
2019;Q4;Projetos registrados;Emissões fugitivas industriais;0,0
2020;Q1;Projetos registrados;Emissões fugitivas industriais;0,0
2020;Q2;Projetos registrados;Emissões fugitivas industriais;0,0
2020;Q3;Projetos registrados;Emissões fugitivas industriais;0,0
2020;Q4;Projetos registrados;Emissões fugitivas industriais;0,0
2021;Q1;Projetos registrados;Emissões fugitivas industriais;0,0
2021;Q2;Projetos registrados;Emissões fugitivas industriais;0,0
2021;Q3;Projetos registrados;Emissões fugitivas industriais;0,0
2021;Q4;Projetos registrados;Emissões fugitivas industriais;4,0
2022;Q1;Projetos registrados;Emissões fugitivas industriais;1,0
2022;Q2;Projetos registrados;Emissões fugitivas industriais;0,0
2022;Q3;Projetos registrados;Emissões fugitivas industriais;0,0
2022;Q4;Projetos registrados;Emissões fugitivas industriais;0,0
2023;Q1;Projetos registrados;Emissões fugitivas industriais;0,0
2023;Q2;Projetos registrados;Emissões fugitivas industriais;1,0
2023;Q3;Projetos registrados;Emissões fugitivas industriais;0,0
2023;Q4;Projetos registrados;Emissões fugitivas industriais;2,0
2024;Q1;Projetos registrados;Emissões fugitivas industriais;1,0
2024;Q2;Projetos registrados;Emissões fugitivas industriais;0,0
2024;Q3;Projetos registrados;Emissões fugitivas industriais;0,0
2024;Q4;Projetos registrados;Emissões fugitivas industriais;2,0
2025;Q1;Projetos registrados;Emissões fugitivas industriais;9,0
2025;Q2;Projetos registrados;Emissões fugitivas industriais;0,0
2025;Q3;Projetos registrados;Emissões fugitivas industriais;0,0
2025;Q4;Projetos registrados;Emissões fugitivas industriais;0,0
2026;Q1;Projetos registrados;Emissões fugitivas industriais;0,0
2026;Q2;Projetos registrados;Emissões fugitivas industriais;0,0
2015;Q3;Projetos registrados;Instalações;0,0
2015;Q4;Projetos registrados;Instalações;0,0
2016;Q1;Projetos registrados;Instalações;0,0
2016;Q2;Projetos registrados;Instalações;0,0
2016;Q3;Projetos registrados;Instalações;0,0
2016;Q4;Projetos registrados;Instalações;0,0
2017;Q1;Projetos registrados;Instalações;0,0
2017;Q2;Projetos registrados;Instalações;0,0
2017;Q3;Projetos registrados;Instalações;0,0
2017;Q4;Projetos registrados;Instalações;0,0
2018;Q1;Projetos registrados;Instalações;0,0
2018;Q2;Projetos registrados;Instalações;0,0
2018;Q3;Projetos registrados;Instalações;0,0
2018;Q4;Projetos registrados;Instalações;0,0
2019;Q1;Projetos registrados;Instalações;0,0
2019;Q2;Projetos registrados;Instalações;0,0
2019;Q3;Projetos registrados;Instalações;0,0
2019;Q4;Projetos registrados;Instalações;0,0
2020;Q1;Projetos registrados;Instalações;0,0
2020;Q2;Projetos registrados;Instalações;0,0
2020;Q3;Projetos registrados;Instalações;0,0
2020;Q4;Projetos registrados;Instalações;0,0
2021;Q1;Projetos registrados;Instalações;1,0
2021;Q2;Projetos registrados;Instalações;0,0
2021;Q3;Projetos registrados;Instalações;0,0
2021;Q4;Projetos registrados;Instalações;0,0
2022;Q1;Projetos registrados;Instalações;0,0
2022;Q2;Projetos registrados;Instalações;0,0
2022;Q3;Projetos registrados;Instalações;0,0
2022;Q4;Projetos registrados;Instalações;0,0
2023;Q1;Projetos registrados;Instalações;0,0
2023;Q2;Projetos registrados;Instalações;0,0
2023;Q3;Projetos registrados;Instalações;0,0
2023;Q4;Projetos registrados;Instalações;0,0
2024;Q1;Projetos registrados;Instalações;0,0
2024;Q2;Projetos registrados;Instalações;0,0
2024;Q3;Projetos registrados;Instalações;0,0
2024;Q4;Projetos registrados;Instalações;0,0
2025;Q1;Projetos registrados;Instalações;0,0
2025;Q2;Projetos registrados;Instalações;0,0
2025;Q3;Projetos registrados;Instalações;0,0
2025;Q4;Projetos registrados;Instalações;0,0
2026;Q1;Projetos registrados;Instalações;0,0
2026;Q2;Projetos registrados;Instalações;0,0
2021;Q3;Projetos registrados;Captura de carbono;0,0
2021;Q4;Projetos registrados;Captura de carbono;1,0
2022;Q1;Projetos registrados;Captura de carbono;0,0
2022;Q2;Projetos registrados;Captura de carbono;0,0
2022;Q3;Projetos registrados;Captura de carbono;0,0
2022;Q4;Projetos registrados;Captura de carbono;0,0
2023;Q1;Projetos registrados;Captura de carbono;0,0
2023;Q2;Projetos registrados;Captura de carbono;0,0
2023;Q3;Projetos registrados;Captura de carbono;0,0
2023;Q4;Projetos registrados;Captura de carbono;0,0
2024;Q1;Projetos registrados;Captura de carbono;0,0
2024;Q2;Projetos registrados;Captura de carbono;0,0
2024;Q3;Projetos registrados;Captura de carbono;0,0
2024;Q4;Projetos registrados;Captura de carbono;0,0
2025;Q1;Projetos registrados;Captura de carbono;0,0
2025;Q2;Projetos registrados;Captura de carbono;0,0
2025;Q3;Projetos registrados;Captura de carbono;0,0
2025;Q4;Projetos registrados;Captura de carbono;0,0
2026;Q1;Projetos registrados;Captura de carbono;0,0
2026;Q2;Projetos registrados;Captura de carbono;0,0
2014;Q1;ACCUs canceladas (fora do Safeguard);Voluntários;0,0
2014;Q2;ACCUs canceladas (fora do Safeguard);Voluntários;0,0
2014;Q3;ACCUs canceladas (fora do Safeguard);Voluntários;430,0
2014;Q4;ACCUs canceladas (fora do Safeguard);Voluntários;0,0
2015;Q1;ACCUs canceladas (fora do Safeguard);Voluntários;0,0
2015;Q2;ACCUs canceladas (fora do Safeguard);Voluntários;24332,0
2015;Q3;ACCUs canceladas (fora do Safeguard);Voluntários;100,0
2015;Q4;ACCUs canceladas (fora do Safeguard);Voluntários;810,0
2016;Q1;ACCUs canceladas (fora do Safeguard);Voluntários;0,0
2016;Q2;ACCUs canceladas (fora do Safeguard);Voluntários;42302,0
2016;Q3;ACCUs canceladas (fora do Safeguard);Voluntários;2403,0
2016;Q4;ACCUs canceladas (fora do Safeguard);Voluntários;26848,0
2017;Q1;ACCUs canceladas (fora do Safeguard);Voluntários;738,0
2017;Q2;ACCUs canceladas (fora do Safeguard);Voluntários;42143,0
2017;Q3;ACCUs canceladas (fora do Safeguard);Voluntários;24966,0
2017;Q4;ACCUs canceladas (fora do Safeguard);Voluntários;27206,0
2018;Q1;ACCUs canceladas (fora do Safeguard);Voluntários;2281,0
2018;Q2;ACCUs canceladas (fora do Safeguard);Voluntários;34911,0
2018;Q3;ACCUs canceladas (fora do Safeguard);Voluntários;14474,0
2018;Q4;ACCUs canceladas (fora do Safeguard);Voluntários;124772,0
2019;Q1;ACCUs canceladas (fora do Safeguard);Voluntários;11548,0
2019;Q2;ACCUs canceladas (fora do Safeguard);Voluntários;41293,0
2019;Q3;ACCUs canceladas (fora do Safeguard);Voluntários;57396,0
2019;Q4;ACCUs canceladas (fora do Safeguard);Voluntários;190662,0
2020;Q1;ACCUs canceladas (fora do Safeguard);Voluntários;80712,0
2020;Q2;ACCUs canceladas (fora do Safeguard);Voluntários;70048,0
2020;Q3;ACCUs canceladas (fora do Safeguard);Voluntários;183220,0
2020;Q4;ACCUs canceladas (fora do Safeguard);Voluntários;158832,0
2021;Q1;ACCUs canceladas (fora do Safeguard);Voluntários;162555,0
2021;Q2;ACCUs canceladas (fora do Safeguard);Voluntários;199107,0
2021;Q3;ACCUs canceladas (fora do Safeguard);Voluntários;132698,0
2021;Q4;ACCUs canceladas (fora do Safeguard);Voluntários;313712,0
2022;Q1;ACCUs canceladas (fora do Safeguard);Voluntários;187877,0
2022;Q2;ACCUs canceladas (fora do Safeguard);Voluntários;286903,0
2022;Q3;ACCUs canceladas (fora do Safeguard);Voluntários;186231,0
2022;Q4;ACCUs canceladas (fora do Safeguard);Voluntários;204388,0
2023;Q1;ACCUs canceladas (fora do Safeguard);Voluntários;200814,0
2023;Q2;ACCUs canceladas (fora do Safeguard);Voluntários;328476,0
2023;Q3;ACCUs canceladas (fora do Safeguard);Voluntários;288627,0
2023;Q4;ACCUs canceladas (fora do Safeguard);Voluntários;347152,0
2024;Q1;ACCUs canceladas (fora do Safeguard);Voluntários;193546,0
2024;Q2;ACCUs canceladas (fora do Safeguard);Voluntários;266207,0
2024;Q3;ACCUs canceladas (fora do Safeguard);Voluntários;251453,0
2024;Q4;ACCUs canceladas (fora do Safeguard);Voluntários;309564,0
2025;Q1;ACCUs canceladas (fora do Safeguard);Voluntários;154731,0
2025;Q2;ACCUs canceladas (fora do Safeguard);Voluntários;403148,0
2025;Q3;ACCUs canceladas (fora do Safeguard);Voluntários;157491,0
2025;Q4;ACCUs canceladas (fora do Safeguard);Voluntários;391192,0
2026;Q1;ACCUs canceladas (fora do Safeguard);Voluntários;182013,0
2026;Q2;ACCUs canceladas (fora do Safeguard);Voluntários;284327,0
2014;Q1;ACCUs canceladas (fora do Safeguard);De conformidade;0,0
2014;Q2;ACCUs canceladas (fora do Safeguard);De conformidade;0,0
2014;Q3;ACCUs canceladas (fora do Safeguard);De conformidade;0,0
2014;Q4;ACCUs canceladas (fora do Safeguard);De conformidade;0,0
2015;Q1;ACCUs canceladas (fora do Safeguard);De conformidade;0,0
2015;Q2;ACCUs canceladas (fora do Safeguard);De conformidade;0,0
2015;Q3;ACCUs canceladas (fora do Safeguard);De conformidade;0,0
2015;Q4;ACCUs canceladas (fora do Safeguard);De conformidade;0,0
2016;Q1;ACCUs canceladas (fora do Safeguard);De conformidade;0,0
2016;Q2;ACCUs canceladas (fora do Safeguard);De conformidade;0,0
2016;Q3;ACCUs canceladas (fora do Safeguard);De conformidade;0,0
2016;Q4;ACCUs canceladas (fora do Safeguard);De conformidade;0,0
2017;Q1;ACCUs canceladas (fora do Safeguard);De conformidade;0,0
2017;Q2;ACCUs canceladas (fora do Safeguard);De conformidade;0,0
2017;Q3;ACCUs canceladas (fora do Safeguard);De conformidade;0,0
2017;Q4;ACCUs canceladas (fora do Safeguard);De conformidade;0,0
2018;Q1;ACCUs canceladas (fora do Safeguard);De conformidade;0,0
2018;Q2;ACCUs canceladas (fora do Safeguard);De conformidade;211159,0
2018;Q3;ACCUs canceladas (fora do Safeguard);De conformidade;8356,0
2018;Q4;ACCUs canceladas (fora do Safeguard);De conformidade;0,0
2019;Q1;ACCUs canceladas (fora do Safeguard);De conformidade;9781,0
2019;Q2;ACCUs canceladas (fora do Safeguard);De conformidade;0,0
2019;Q3;ACCUs canceladas (fora do Safeguard);De conformidade;18174,0
2019;Q4;ACCUs canceladas (fora do Safeguard);De conformidade;0,0
2020;Q1;ACCUs canceladas (fora do Safeguard);De conformidade;0,0
2020;Q2;ACCUs canceladas (fora do Safeguard);De conformidade;14343,0
2020;Q3;ACCUs canceladas (fora do Safeguard);De conformidade;0,0
2020;Q4;ACCUs canceladas (fora do Safeguard);De conformidade;65668,0
2021;Q1;ACCUs canceladas (fora do Safeguard);De conformidade;0,0
2021;Q2;ACCUs canceladas (fora do Safeguard);De conformidade;9973,0
2021;Q3;ACCUs canceladas (fora do Safeguard);De conformidade;50446,0
2021;Q4;ACCUs canceladas (fora do Safeguard);De conformidade;3734,0
2022;Q1;ACCUs canceladas (fora do Safeguard);De conformidade;85925,0
2022;Q2;ACCUs canceladas (fora do Safeguard);De conformidade;117670,0
2022;Q3;ACCUs canceladas (fora do Safeguard);De conformidade;288987,0
2022;Q4;ACCUs canceladas (fora do Safeguard);De conformidade;17240,0
2023;Q1;ACCUs canceladas (fora do Safeguard);De conformidade;0,0
2023;Q2;ACCUs canceladas (fora do Safeguard);De conformidade;0,0
2023;Q3;ACCUs canceladas (fora do Safeguard);De conformidade;55093,0
2023;Q4;ACCUs canceladas (fora do Safeguard);De conformidade;421498,0
2024;Q1;ACCUs canceladas (fora do Safeguard);De conformidade;90000,0
2024;Q2;ACCUs canceladas (fora do Safeguard);De conformidade;114804,0
2024;Q3;ACCUs canceladas (fora do Safeguard);De conformidade;29000,0
2024;Q4;ACCUs canceladas (fora do Safeguard);De conformidade;0,0
2025;Q1;ACCUs canceladas (fora do Safeguard);De conformidade;6335,0
2025;Q2;ACCUs canceladas (fora do Safeguard);De conformidade;102063,0
2025;Q3;ACCUs canceladas (fora do Safeguard);De conformidade;100,0
2025;Q4;ACCUs canceladas (fora do Safeguard);De conformidade;0,0
2026;Q1;ACCUs canceladas (fora do Safeguard);De conformidade;0,0
2026;Q2;ACCUs canceladas (fora do Safeguard);De conformidade;0,0
2014;Q1;ACCUs canceladas (fora do Safeguard);Governamentais;0,0
2014;Q2;ACCUs canceladas (fora do Safeguard);Governamentais;0,0
2014;Q3;ACCUs canceladas (fora do Safeguard);Governamentais;0,0
2014;Q4;ACCUs canceladas (fora do Safeguard);Governamentais;0,0
2015;Q1;ACCUs canceladas (fora do Safeguard);Governamentais;0,0
2015;Q2;ACCUs canceladas (fora do Safeguard);Governamentais;0,0
2015;Q3;ACCUs canceladas (fora do Safeguard);Governamentais;0,0
2015;Q4;ACCUs canceladas (fora do Safeguard);Governamentais;0,0
2016;Q1;ACCUs canceladas (fora do Safeguard);Governamentais;50,0
2016;Q2;ACCUs canceladas (fora do Safeguard);Governamentais;4862,0
2016;Q3;ACCUs canceladas (fora do Safeguard);Governamentais;10416,0
2016;Q4;ACCUs canceladas (fora do Safeguard);Governamentais;42564,0
2017;Q1;ACCUs canceladas (fora do Safeguard);Governamentais;12680,0
2017;Q2;ACCUs canceladas (fora do Safeguard);Governamentais;0,0
2017;Q3;ACCUs canceladas (fora do Safeguard);Governamentais;0,0
2017;Q4;ACCUs canceladas (fora do Safeguard);Governamentais;8118,0
2018;Q1;ACCUs canceladas (fora do Safeguard);Governamentais;0,0
2018;Q2;ACCUs canceladas (fora do Safeguard);Governamentais;46696,0
2018;Q3;ACCUs canceladas (fora do Safeguard);Governamentais;45275,0
2018;Q4;ACCUs canceladas (fora do Safeguard);Governamentais;39796,0
2019;Q1;ACCUs canceladas (fora do Safeguard);Governamentais;17458,0
2019;Q2;ACCUs canceladas (fora do Safeguard);Governamentais;69985,0
2019;Q3;ACCUs canceladas (fora do Safeguard);Governamentais;57099,0
2019;Q4;ACCUs canceladas (fora do Safeguard);Governamentais;3482,0
2020;Q1;ACCUs canceladas (fora do Safeguard);Governamentais;34131,0
2020;Q2;ACCUs canceladas (fora do Safeguard);Governamentais;121628,0
2020;Q3;ACCUs canceladas (fora do Safeguard);Governamentais;32800,0
2020;Q4;ACCUs canceladas (fora do Safeguard);Governamentais;79575,0
2021;Q1;ACCUs canceladas (fora do Safeguard);Governamentais;11934,0
2021;Q2;ACCUs canceladas (fora do Safeguard);Governamentais;17880,0
2021;Q3;ACCUs canceladas (fora do Safeguard);Governamentais;37214,0
2021;Q4;ACCUs canceladas (fora do Safeguard);Governamentais;10915,0
2022;Q1;ACCUs canceladas (fora do Safeguard);Governamentais;8976,0
2022;Q2;ACCUs canceladas (fora do Safeguard);Governamentais;36804,0
2022;Q3;ACCUs canceladas (fora do Safeguard);Governamentais;1687,0
2022;Q4;ACCUs canceladas (fora do Safeguard);Governamentais;56593,0
2023;Q1;ACCUs canceladas (fora do Safeguard);Governamentais;11128,0
2023;Q2;ACCUs canceladas (fora do Safeguard);Governamentais;14488,0
2023;Q3;ACCUs canceladas (fora do Safeguard);Governamentais;43043,0
2023;Q4;ACCUs canceladas (fora do Safeguard);Governamentais;24463,0
2024;Q1;ACCUs canceladas (fora do Safeguard);Governamentais;5599,0
2024;Q2;ACCUs canceladas (fora do Safeguard);Governamentais;34638,0
2024;Q3;ACCUs canceladas (fora do Safeguard);Governamentais;15248,0
2024;Q4;ACCUs canceladas (fora do Safeguard);Governamentais;17308,0
2025;Q1;ACCUs canceladas (fora do Safeguard);Governamentais;15126,0
2025;Q2;ACCUs canceladas (fora do Safeguard);Governamentais;2246,0
2025;Q3;ACCUs canceladas (fora do Safeguard);Governamentais;6468,0
2025;Q4;ACCUs canceladas (fora do Safeguard);Governamentais;6620,0
2026;Q1;ACCUs canceladas (fora do Safeguard);Governamentais;8275,0
2026;Q2;ACCUs canceladas (fora do Safeguard);Governamentais;28208,0
