auction;future;date;quantity_offered;ccr_sold;quantity_sold;clearing_price;total_proceeds
1;False;2008-09-25;12565387;;12565387;3,07;38575738,09
2;False;2008-12-17;31505898;;31505898;3,38;106489935,24
3;False;2009-03-18;31513765;;31513765;3,51;117248629,8
3;True;2009-03-18;2175513;;2175513;3,05;
4;False;2009-06-17;30887620;;30887620;3,23;104242445,0
4;True;2009-06-17;2172540;;2172540;2,06;
5;False;2009-09-09;28408945;;28408945;2,19;66278239,35
5;True;2009-09-09;2172540;;2172540;1,87;
6;False;2009-12-02;28591698;;28591698;2,05;61587120,9
6;True;2009-12-02;2172540;;1599000;1,86;
7;False;2010-03-10;40612408;;40612408;2,07;87956944,56
7;True;2010-03-10;2137992;;2091000;1,86;
8;False;2010-06-09;40685585;;40685585;1,88;80465566,78
8;True;2010-06-09;2137993;;2137993;1,86;
9;False;2010-09-08;45595968;;34407000;1,86;66437340,0
9;True;2010-09-08;2137992;;1312000;1,86;
10;False;2010-12-01;43173648;;24755000;1,86;48224220,0
10;True;2010-12-01;2137991;;1172000;1,86;
11;False;2011-03-09;41995813;;41995813;1,89;83425588,47
11;True;2011-03-09;2144710;;2144710;1,89;
12;False;2011-06-08;42034184;;12537000;1,89;25477200,0
12;True;2011-06-08;1864952;;943000;1,89;
13;False;2011-09-07;42189685;;7487000;1,89;14150430,0
13;True;2011-09-07;1864951;;0;;
14;False;2011-12-07;42983482;;27293000;1,89;51583770,0
14;True;2011-12-07;1864951;;0;;
15;False;2012-03-14;34843858;;21559000;1,93;41608870,0
16;False;2012-06-06;36426008;;20941000;1,93;40416130,0
17;False;2012-09-05;37949558;;24589000;1,93;47456770,0
18;False;2012-12-05;37563083;;19774000;1,93;38163820,0
19;False;2013-03-13;37835405;;37835405;2,8;105939134,0
20;False;2013-06-05;38782076;;38782076;3,21;124490463,96
21;False;2013-09-04;38409043;;38409043;2,67;102552144,81
22;False;2013-12-04;38329378;;38329378;3,0;114988134,0
23;False;2014-03-05;18491350;5000000,0;23491350;4,0;93965400,0
24;False;2014-06-04;18062384;0,0;18062384;5,02;90673167,68
25;False;2014-09-03;17998687;0,0;17998687;4,88;87833592,56
26;False;2014-12-03;18198685;0,0;18198685;5,21;94815148,85
27;False;2015-03-11;15272670;0,0;15272670;5,41;82625144,7
28;False;2015-06-03;15507571;0,0;15507571;5,5;85291640,5
29;False;2015-09-09;15374294;10000000,0;25374294;6,02;152753249,88
30;False;2015-12-02;15374274;0,0;15374274;7,5;115307055,0
31;False;2016-03-09;14838732;0,0;14838732;5,25;77903343,0
32;False;2016-06-01;15089652;0,0;15089652;4,53;68356123,56
33;False;2016-09-07;14911315;0,0;14911315;4,54;67697370,1
34;False;2016-12-07;14791315;0,0;14791315;3,55;52509168,25
35;False;2017-03-08;14371300;0,0;14371300;3,0;43113900,0
36;False;2017-06-07;14597470;0,0;14597470;2,53;36931599,1
37;False;2017-09-06;14371585;0,0;14371585;4,35;62516394,75
38;False;2017-12-06;14687989;0,0;14687989;3,8;55814358,2
39;False;2018-03-14;13553767;0,0;13553767;3,79;51368776,93
40;False;2018-06-13;13771025;0,0;13771025;4,02;55359520,5
41;False;2018-09-05;13590107;0,0;13590107;4,5;61155481,5
42;False;2018-12-05;13360649;0,0;13360649;5,35;71479472,15
43;False;2019-03-13;12883436;0,0;12883436;5,27;67895707,72
44;False;2019-06-05;13221453;0,0;13221453;5,62;74304565,86
45;False;2019-09-04;13116447;0,0;13116447;5,2;68205524,4
46;False;2019-12-04;13116444;0,0;13116444;5,61;73583250,84
47;False;2020-03-11;16208347;0,0;16208347;5,65;91577160,55
48;False;2020-06-03;16336298;0,0;16336298;5,75;93933713,5
49;False;2020-09-02;16192785;0,0;16192785;6,82;110434793,7
50;False;2020-12-02;16237495;0,0;16237495;7,41;120319837,95
51;False;2021-03-03;23467261;0,0;23467261;7,6;178351183,6
52;False;2021-06-02;22987719;0,0;22987719;7,97;183212120,43
53;False;2021-09-08;22911423;0,0;22911423;9,3;213076233,9
54;False;2021-12-01;23121518;3919482,0;27041000;13,0;351533000,0
55;False;2022-03-09;21761269;0,0;21761269;13,5;293777131,5
56;False;2022-06-01;22280473;0,0;22280473;13,9;309698574,7
57;False;2022-09-07;22404023;0,0;22404023;13,45;301334109,35
58;False;2022-12-07;22233203;0,0;22233203;12,99;288809306,97
59;False;2023-03-08;21522877;0,0;21522877;12,5;269035962,5
60;False;2023-06-07;22026639;0,0;22026639;12,73;280399114,47
61;False;2023-09-06;21948358;0,0;21948358;13,85;303984758,3
62;False;2023-12-06;22090709;5565291,0;27656000;14,88;411521280,0
63;False;2024-03-13;15855879;8416278,0;24272157;16,0;388354512,0
64;False;2024-06-05;16053188;0,0;16053188;21,03;337598543,64
65;False;2024-09-04;15943608;0,0;15943608;25,75;410547906,0
66;False;2024-12-04;15943608;0,0;15943608;20,05;319669340,4
67;False;2025-03-12;15392222;8134778,0;23527000;19,76;464893520,0
68;False;2025-06-04;15244479;0,0;15244479;19,63;299249122,77
69;False;2025-09-03;15177783;0,0;15177783;22,25;337705671,75
70;False;2025-12-03;15230235;0,0;15230235;26,73;407104181,55
71;False;2026-03-11;18234876;7853278,0;26088154;24,99;651942968,46
72;False;2026-06-03;18349699;0,0;18349699;35,0;642239465,0
73;False;2026-09-09;27389847;1148000,0;28537847;37,65;1074449939,55
