Mechanism;Year;Issued
Alberta Emission Offset System;2002;0,0
Alberta Emission Offset System;2003;0,0
Alberta Emission Offset System;2004;0,0
Alberta Emission Offset System;2005;0,0
Alberta Emission Offset System;2006;0,0
Alberta Emission Offset System;2007;0,0
Alberta Emission Offset System;2008;0,0
Alberta Emission Offset System;2009;0,0
Alberta Emission Offset System;2010;0,0
Alberta Emission Offset System;2011;0,0
Alberta Emission Offset System;2012;0,0
Alberta Emission Offset System;2013;0,0
Alberta Emission Offset System;2014;0,0
Alberta Emission Offset System;2015;4011000,0
Alberta Emission Offset System;2016;4463000,0
Alberta Emission Offset System;2017;5057000,0
Alberta Emission Offset System;2018;4866000,0
Alberta Emission Offset System;2019;3618000,0
Alberta Emission Offset System;2020;8400000,0
Alberta Emission Offset System;2021;393000,0
Alberta Emission Offset System;2022;6400000,0
Alberta Emission Offset System;2023;7799074,0
Alberta Emission Offset System;2024;6922604,0
Alberta Emission Offset System;2025;948289,0
American Carbon Registry;2002;125000,0
American Carbon Registry;2003;0,0
American Carbon Registry;2004;500,0
American Carbon Registry;2005;2880358,0
American Carbon Registry;2006;11027146,0
American Carbon Registry;2007;5847510,0
American Carbon Registry;2008;7938812,0
American Carbon Registry;2009;6245281,0
American Carbon Registry;2010;171069,0
American Carbon Registry;2011;519754,0
American Carbon Registry;2012;4115915,0
American Carbon Registry;2013;1676242,0
American Carbon Registry;2014;4287042,0
American Carbon Registry;2015;8732794,0
American Carbon Registry;2016;27095713,0
American Carbon Registry;2017;47983817,0
American Carbon Registry;2018;12048989,0
American Carbon Registry;2019;14229468,0
American Carbon Registry;2020;28693311,0
American Carbon Registry;2021;17563259,0
American Carbon Registry;2022;29322192,0
American Carbon Registry;2023;37355459,0
American Carbon Registry;2024;44657782,0
American Carbon Registry;2025;49954064,0
Australian Carbon Credit Unit Scheme (ACCU);2002;0,0
Australian Carbon Credit Unit Scheme (ACCU);2003;0,0
Australian Carbon Credit Unit Scheme (ACCU);2004;0,0
Australian Carbon Credit Unit Scheme (ACCU);2005;0,0
Australian Carbon Credit Unit Scheme (ACCU);2006;0,0
Australian Carbon Credit Unit Scheme (ACCU);2007;0,0
Australian Carbon Credit Unit Scheme (ACCU);2008;0,0
Australian Carbon Credit Unit Scheme (ACCU);2009;0,0
Australian Carbon Credit Unit Scheme (ACCU);2010;0,0
Australian Carbon Credit Unit Scheme (ACCU);2011;0,0
Australian Carbon Credit Unit Scheme (ACCU);2012;300000,0
Australian Carbon Credit Unit Scheme (ACCU);2013;3900000,0
Australian Carbon Credit Unit Scheme (ACCU);2014;7600000,0
Australian Carbon Credit Unit Scheme (ACCU);2015;7900000,0
Australian Carbon Credit Unit Scheme (ACCU);2016;13100000,0
Australian Carbon Credit Unit Scheme (ACCU);2017;12200000,0
Australian Carbon Credit Unit Scheme (ACCU);2018;12400000,0
Australian Carbon Credit Unit Scheme (ACCU);2019;14800000,0
Australian Carbon Credit Unit Scheme (ACCU);2020;16100000,0
Australian Carbon Credit Unit Scheme (ACCU);2021;17100000,0
Australian Carbon Credit Unit Scheme (ACCU);2022;17700000,0
Australian Carbon Credit Unit Scheme (ACCU);2023;17200000,0
Australian Carbon Credit Unit Scheme (ACCU);2024;18784758,0
Australian Carbon Credit Unit Scheme (ACCU);2025;21653272,0
Beijing Certified Emission Reduction Mechanism;2002;0,0
Beijing Certified Emission Reduction Mechanism;2003;0,0
Beijing Certified Emission Reduction Mechanism;2004;0,0
Beijing Certified Emission Reduction Mechanism;2005;0,0
Beijing Certified Emission Reduction Mechanism;2006;0,0
Beijing Certified Emission Reduction Mechanism;2007;0,0
Beijing Certified Emission Reduction Mechanism;2008;0,0
Beijing Certified Emission Reduction Mechanism;2009;0,0
Beijing Certified Emission Reduction Mechanism;2010;0,0
Beijing Certified Emission Reduction Mechanism;2011;0,0
Beijing Certified Emission Reduction Mechanism;2012;0,0
Beijing Certified Emission Reduction Mechanism;2013;0,0
Beijing Certified Emission Reduction Mechanism;2014;0,0
Beijing Certified Emission Reduction Mechanism;2015;0,0
Beijing Certified Emission Reduction Mechanism;2016;0,0
Beijing Certified Emission Reduction Mechanism;2017;0,0
Beijing Certified Emission Reduction Mechanism;2018;0,0
Beijing Certified Emission Reduction Mechanism;2019;0,0
Beijing Certified Emission Reduction Mechanism;2020;0,0
Beijing Certified Emission Reduction Mechanism;2021;0,0
Beijing Certified Emission Reduction Mechanism;2022;0,0
Beijing Certified Emission Reduction Mechanism;2023;0,0
Beijing Certified Emission Reduction Mechanism;2024;149665,0
Beijing Certified Emission Reduction Mechanism;2025;0,0
British Columbia Offset Program;2002;0,0
British Columbia Offset Program;2003;0,0
British Columbia Offset Program;2004;0,0
British Columbia Offset Program;2005;0,0
British Columbia Offset Program;2006;0,0
British Columbia Offset Program;2007;0,0
British Columbia Offset Program;2008;0,0
British Columbia Offset Program;2009;0,0
British Columbia Offset Program;2010;0,0
British Columbia Offset Program;2011;0,0
British Columbia Offset Program;2012;0,0
British Columbia Offset Program;2013;0,0
British Columbia Offset Program;2014;0,0
British Columbia Offset Program;2015;0,0
British Columbia Offset Program;2016;768150,0
British Columbia Offset Program;2017;3119145,0
British Columbia Offset Program;2018;205507,0
British Columbia Offset Program;2019;2107083,0
British Columbia Offset Program;2020;1356296,0
British Columbia Offset Program;2021;1210721,0
British Columbia Offset Program;2022;4835135,0
British Columbia Offset Program;2023;1930665,0
British Columbia Offset Program;2024;587428,0
British Columbia Offset Program;2025;4014997,0
California Compliance Offset Program;2002;0,0
California Compliance Offset Program;2003;0,0
California Compliance Offset Program;2004;0,0
California Compliance Offset Program;2005;0,0
California Compliance Offset Program;2006;0,0
California Compliance Offset Program;2007;0,0
California Compliance Offset Program;2008;0,0
California Compliance Offset Program;2009;0,0
California Compliance Offset Program;2010;0,0
California Compliance Offset Program;2011;0,0
California Compliance Offset Program;2012;0,0
California Compliance Offset Program;2013;4268680,0
California Compliance Offset Program;2014;10983823,0
California Compliance Offset Program;2015;19561213,0
California Compliance Offset Program;2016;19776011,0
California Compliance Offset Program;2017;32732903,0
California Compliance Offset Program;2018;54732348,0
California Compliance Offset Program;2019;26541225,0
California Compliance Offset Program;2020;45543188,0
California Compliance Offset Program;2021;17409784,0
California Compliance Offset Program;2022;11565096,0
California Compliance Offset Program;2023;13797604,0
California Compliance Offset Program;2024;10811900,0
California Compliance Offset Program;2025;20782039,0
Chile Green Tax Emissions Offsetting Scheme;2002;0,0
Chile Green Tax Emissions Offsetting Scheme;2003;0,0
Chile Green Tax Emissions Offsetting Scheme;2004;0,0
Chile Green Tax Emissions Offsetting Scheme;2005;0,0
Chile Green Tax Emissions Offsetting Scheme;2006;0,0
Chile Green Tax Emissions Offsetting Scheme;2007;0,0
Chile Green Tax Emissions Offsetting Scheme;2008;0,0
Chile Green Tax Emissions Offsetting Scheme;2009;0,0
Chile Green Tax Emissions Offsetting Scheme;2010;0,0
Chile Green Tax Emissions Offsetting Scheme;2011;0,0
Chile Green Tax Emissions Offsetting Scheme;2012;0,0
Chile Green Tax Emissions Offsetting Scheme;2013;0,0
Chile Green Tax Emissions Offsetting Scheme;2014;0,0
Chile Green Tax Emissions Offsetting Scheme;2015;0,0
Chile Green Tax Emissions Offsetting Scheme;2016;0,0
Chile Green Tax Emissions Offsetting Scheme;2017;0,0
Chile Green Tax Emissions Offsetting Scheme;2018;0,0
Chile Green Tax Emissions Offsetting Scheme;2019;0,0
Chile Green Tax Emissions Offsetting Scheme;2020;0,0
Chile Green Tax Emissions Offsetting Scheme;2021;0,0
Chile Green Tax Emissions Offsetting Scheme;2022;0,0
Chile Green Tax Emissions Offsetting Scheme;2023;0,0
Chile Green Tax Emissions Offsetting Scheme;2024;258547,0
Chile Green Tax Emissions Offsetting Scheme;2025;1672100,0
China GHG Voluntary Emission Reduction Program;2002;0,0
China GHG Voluntary Emission Reduction Program;2003;0,0
China GHG Voluntary Emission Reduction Program;2004;0,0
China GHG Voluntary Emission Reduction Program;2005;0,0
China GHG Voluntary Emission Reduction Program;2006;0,0
China GHG Voluntary Emission Reduction Program;2007;0,0
China GHG Voluntary Emission Reduction Program;2008;0,0
China GHG Voluntary Emission Reduction Program;2009;0,0
China GHG Voluntary Emission Reduction Program;2010;0,0
China GHG Voluntary Emission Reduction Program;2011;0,0
China GHG Voluntary Emission Reduction Program;2012;0,0
China GHG Voluntary Emission Reduction Program;2013;0,0
China GHG Voluntary Emission Reduction Program;2014;21000000,0
China GHG Voluntary Emission Reduction Program;2015;28000000,0
China GHG Voluntary Emission Reduction Program;2016;4000000,0
China GHG Voluntary Emission Reduction Program;2017;0,0
China GHG Voluntary Emission Reduction Program;2018;0,0
China GHG Voluntary Emission Reduction Program;2019;0,0
China GHG Voluntary Emission Reduction Program;2020;0,0
China GHG Voluntary Emission Reduction Program;2021;0,0
China GHG Voluntary Emission Reduction Program;2022;0,0
China GHG Voluntary Emission Reduction Program;2023;0,0
China GHG Voluntary Emission Reduction Program;2024;0,0
China GHG Voluntary Emission Reduction Program;2025;0,0
Chongqing carbon offset mechanism;2002;0,0
Chongqing carbon offset mechanism;2003;0,0
Chongqing carbon offset mechanism;2004;0,0
Chongqing carbon offset mechanism;2005;0,0
Chongqing carbon offset mechanism;2006;0,0
Chongqing carbon offset mechanism;2007;0,0
Chongqing carbon offset mechanism;2008;0,0
Chongqing carbon offset mechanism;2009;0,0
Chongqing carbon offset mechanism;2010;0,0
Chongqing carbon offset mechanism;2011;0,0
Chongqing carbon offset mechanism;2012;0,0
Chongqing carbon offset mechanism;2013;0,0
Chongqing carbon offset mechanism;2014;0,0
Chongqing carbon offset mechanism;2015;0,0
Chongqing carbon offset mechanism;2016;0,0
Chongqing carbon offset mechanism;2017;0,0
Chongqing carbon offset mechanism;2018;0,0
Chongqing carbon offset mechanism;2019;0,0
Chongqing carbon offset mechanism;2020;0,0
Chongqing carbon offset mechanism;2021;1200000,0
Chongqing carbon offset mechanism;2022;350000,0000000001
Chongqing carbon offset mechanism;2023;365198,0
Chongqing carbon offset mechanism;2024;0,0
Chongqing carbon offset mechanism;2025;0,0
Clean Development Mechanism;2002;0,0
Clean Development Mechanism;2003;0,0
Clean Development Mechanism;2004;0,0
Clean Development Mechanism;2005;103732,0
Clean Development Mechanism;2006;25688774,0
Clean Development Mechanism;2007;76688338,0
Clean Development Mechanism;2008;137874364,0
Clean Development Mechanism;2009;123427031,0
Clean Development Mechanism;2010;132396048,0
Clean Development Mechanism;2011;319516481,0
Clean Development Mechanism;2012;339393698,0
Clean Development Mechanism;2013;265350749,0
Clean Development Mechanism;2014;103956913,0
Clean Development Mechanism;2015;122563467,0
Clean Development Mechanism;2016;130442400,0
Clean Development Mechanism;2017;123832242,0
Clean Development Mechanism;2018;78732685,0
Clean Development Mechanism;2019;50995101,0
Clean Development Mechanism;2020;70930939,0
Clean Development Mechanism;2021;101017026,0
Clean Development Mechanism;2022;150463412,0
Clean Development Mechanism;2023;78434478,0
Clean Development Mechanism;2024;18219586,0
Clean Development Mechanism;2025;0,0
Climate Action Reserve;2002;0,0
Climate Action Reserve;2003;0,0
Climate Action Reserve;2004;0,0
Climate Action Reserve;2005;0,0
Climate Action Reserve;2006;0,0
Climate Action Reserve;2007;0,0
Climate Action Reserve;2008;426862,0
Climate Action Reserve;2009;1895410,0
Climate Action Reserve;2010;7890136,0
Climate Action Reserve;2011;9765382,0
Climate Action Reserve;2012;10734499,0
Climate Action Reserve;2013;12875064,0
Climate Action Reserve;2014;13101763,0
Climate Action Reserve;2015;16461305,0
Climate Action Reserve;2016;13591251,0
Climate Action Reserve;2017;16026345,0
Climate Action Reserve;2018;18886550,0
Climate Action Reserve;2019;18887796,0
Climate Action Reserve;2020;19209838,0
Climate Action Reserve;2021;9928909,0
Climate Action Reserve;2022;15335659,0
Climate Action Reserve;2023;13470477,0
Climate Action Reserve;2024;23834810,0
Climate Action Reserve;2025;24994540,0
Colombia Crediting Mechanism;2002;0,0
Colombia Crediting Mechanism;2003;0,0
Colombia Crediting Mechanism;2004;0,0
Colombia Crediting Mechanism;2005;0,0
Colombia Crediting Mechanism;2006;0,0
Colombia Crediting Mechanism;2007;0,0
Colombia Crediting Mechanism;2008;0,0
Colombia Crediting Mechanism;2009;0,0
Colombia Crediting Mechanism;2010;0,0
Colombia Crediting Mechanism;2011;0,0
Colombia Crediting Mechanism;2012;0,0
Colombia Crediting Mechanism;2013;0,0
Colombia Crediting Mechanism;2014;0,0
Colombia Crediting Mechanism;2015;0,0
Colombia Crediting Mechanism;2016;0,0
Colombia Crediting Mechanism;2017;0,0
Colombia Crediting Mechanism;2018;0,0
Colombia Crediting Mechanism;2019;0,0
Colombia Crediting Mechanism;2020;0,0
Colombia Crediting Mechanism;2021;0,0
Colombia Crediting Mechanism;2022;0,0
Colombia Crediting Mechanism;2023;0,0
Colombia Crediting Mechanism;2024;0,0
Colombia Crediting Mechanism;2025;0,0
Fujian Forestry Offset Crediting Mechanism;2002;0,0
Fujian Forestry Offset Crediting Mechanism;2003;0,0
Fujian Forestry Offset Crediting Mechanism;2004;0,0
Fujian Forestry Offset Crediting Mechanism;2005;0,0
Fujian Forestry Offset Crediting Mechanism;2006;0,0
Fujian Forestry Offset Crediting Mechanism;2007;0,0
Fujian Forestry Offset Crediting Mechanism;2008;0,0
Fujian Forestry Offset Crediting Mechanism;2009;0,0
Fujian Forestry Offset Crediting Mechanism;2010;0,0
Fujian Forestry Offset Crediting Mechanism;2011;0,0
Fujian Forestry Offset Crediting Mechanism;2012;0,0
Fujian Forestry Offset Crediting Mechanism;2013;0,0
Fujian Forestry Offset Crediting Mechanism;2014;0,0
Fujian Forestry Offset Crediting Mechanism;2015;0,0
Fujian Forestry Offset Crediting Mechanism;2016;0,0
Fujian Forestry Offset Crediting Mechanism;2017;1073000,0
Fujian Forestry Offset Crediting Mechanism;2018;0,0
Fujian Forestry Offset Crediting Mechanism;2019;767000,0
Fujian Forestry Offset Crediting Mechanism;2020;160000,0
Fujian Forestry Offset Crediting Mechanism;2021;330000,0
Fujian Forestry Offset Crediting Mechanism;2022;0,0
Fujian Forestry Offset Crediting Mechanism;2023;0,0
Fujian Forestry Offset Crediting Mechanism;2024;0,0
Fujian Forestry Offset Crediting Mechanism;2025;0,0
Gold Standard;2002;0,0
Gold Standard;2003;0,0
Gold Standard;2004;0,0
Gold Standard;2005;0,0
Gold Standard;2006;0,0
Gold Standard;2007;0,0
Gold Standard;2008;819181,0
Gold Standard;2009;1096855,0
Gold Standard;2010;2678915,0
Gold Standard;2011;3550246,0
Gold Standard;2012;6325653,0
Gold Standard;2013;9234923,0
Gold Standard;2014;11566088,0
Gold Standard;2015;9761633,0
Gold Standard;2016;9977870,0
Gold Standard;2017;9903784,0
Gold Standard;2018;14752846,0
Gold Standard;2019;11900040,0
Gold Standard;2020;24520566,0
Gold Standard;2021;28186285,0
Gold Standard;2022;33651253,0
Gold Standard;2023;56155334,0
Gold Standard;2024;77179643,0
Gold Standard;2025;81131686,0
Guangdong Pu Hui Offset Crediting Mechanism;2002;0,0
Guangdong Pu Hui Offset Crediting Mechanism;2003;0,0
Guangdong Pu Hui Offset Crediting Mechanism;2004;0,0
Guangdong Pu Hui Offset Crediting Mechanism;2005;0,0
Guangdong Pu Hui Offset Crediting Mechanism;2006;0,0
Guangdong Pu Hui Offset Crediting Mechanism;2007;0,0
Guangdong Pu Hui Offset Crediting Mechanism;2008;0,0
Guangdong Pu Hui Offset Crediting Mechanism;2009;0,0
Guangdong Pu Hui Offset Crediting Mechanism;2010;0,0
Guangdong Pu Hui Offset Crediting Mechanism;2011;0,0
Guangdong Pu Hui Offset Crediting Mechanism;2012;0,0
Guangdong Pu Hui Offset Crediting Mechanism;2013;0,0
Guangdong Pu Hui Offset Crediting Mechanism;2014;0,0
Guangdong Pu Hui Offset Crediting Mechanism;2015;0,0
Guangdong Pu Hui Offset Crediting Mechanism;2016;0,0
Guangdong Pu Hui Offset Crediting Mechanism;2017;242000,0
Guangdong Pu Hui Offset Crediting Mechanism;2018;605000,0
Guangdong Pu Hui Offset Crediting Mechanism;2019;210000,0
Guangdong Pu Hui Offset Crediting Mechanism;2020;600000,0
Guangdong Pu Hui Offset Crediting Mechanism;2021;278000,0
Guangdong Pu Hui Offset Crediting Mechanism;2022;0,0
Guangdong Pu Hui Offset Crediting Mechanism;2023;143804,0
Guangdong Pu Hui Offset Crediting Mechanism;2024;571753,0
Guangdong Pu Hui Offset Crediting Mechanism;2025;0,0
J-Credit Scheme;2002;0,0
J-Credit Scheme;2003;0,0
J-Credit Scheme;2004;0,0
J-Credit Scheme;2005;0,0
J-Credit Scheme;2006;0,0
J-Credit Scheme;2007;0,0
J-Credit Scheme;2008;0,0
J-Credit Scheme;2009;0,0
J-Credit Scheme;2010;0,0
J-Credit Scheme;2011;0,0
J-Credit Scheme;2012;0,0
J-Credit Scheme;2013;4767,0
J-Credit Scheme;2014;393234,0
J-Credit Scheme;2015;283599,0
J-Credit Scheme;2016;1262962,0
J-Credit Scheme;2017;962724,0
J-Credit Scheme;2018;1693358,0
J-Credit Scheme;2019;1053235,0
J-Credit Scheme;2020;589898,0
J-Credit Scheme;2021;925475,0
J-Credit Scheme;2022;1008816,0
J-Credit Scheme;2023;1119003,0
J-Credit Scheme;2024;1746470,0
J-Credit Scheme;2025;1119003,0
Joint Crediting Mechanism;2002;0,0
Joint Crediting Mechanism;2003;0,0
Joint Crediting Mechanism;2004;0,0
Joint Crediting Mechanism;2005;0,0
Joint Crediting Mechanism;2006;0,0
Joint Crediting Mechanism;2007;0,0
Joint Crediting Mechanism;2008;0,0
Joint Crediting Mechanism;2009;0,0
Joint Crediting Mechanism;2010;0,0
Joint Crediting Mechanism;2011;0,0
Joint Crediting Mechanism;2012;0,0
Joint Crediting Mechanism;2013;0,0
Joint Crediting Mechanism;2014;0,0
Joint Crediting Mechanism;2015;0,0
Joint Crediting Mechanism;2016;493,0
Joint Crediting Mechanism;2017;9253,0
Joint Crediting Mechanism;2018;12068,0
Joint Crediting Mechanism;2019;5719,0
Joint Crediting Mechanism;2020;62114,0
Joint Crediting Mechanism;2021;486,0
Joint Crediting Mechanism;2022;36172,0
Joint Crediting Mechanism;2023;612525,0
Joint Crediting Mechanism;2024;16077,0
Joint Crediting Mechanism;2025;71021,0
Joint Implementation;2002;0,0
Joint Implementation;2003;0,0
Joint Implementation;2004;0,0
Joint Implementation;2005;0,0
Joint Implementation;2006;0,0
Joint Implementation;2007;0,0
Joint Implementation;2008;120000,0
Joint Implementation;2009;5995089,0
Joint Implementation;2010;30954580,0
Joint Implementation;2011;93521168,0
Joint Implementation;2012;526192335,0
Joint Implementation;2013;183715664,0
Joint Implementation;2014;31138841,0
Joint Implementation;2015;255952,0
Joint Implementation;2016;0,0
Joint Implementation;2017;0,0
Joint Implementation;2018;0,0
Joint Implementation;2019;0,0
Joint Implementation;2020;0,0
Joint Implementation;2021;0,0
Joint Implementation;2022;0,0
Joint Implementation;2023;0,0
Joint Implementation;2024;0,0
Joint Implementation;2025;0,0
Kazakhstan Crediting Mechanism;2002;0,0
Kazakhstan Crediting Mechanism;2003;0,0
Kazakhstan Crediting Mechanism;2004;0,0
Kazakhstan Crediting Mechanism;2005;0,0
Kazakhstan Crediting Mechanism;2006;0,0
Kazakhstan Crediting Mechanism;2007;0,0
Kazakhstan Crediting Mechanism;2008;0,0
Kazakhstan Crediting Mechanism;2009;0,0
Kazakhstan Crediting Mechanism;2010;0,0
Kazakhstan Crediting Mechanism;2011;0,0
Kazakhstan Crediting Mechanism;2012;0,0
Kazakhstan Crediting Mechanism;2013;0,0
Kazakhstan Crediting Mechanism;2014;0,0
Kazakhstan Crediting Mechanism;2015;11697,0
Kazakhstan Crediting Mechanism;2016;0,0
Kazakhstan Crediting Mechanism;2017;0,0
Kazakhstan Crediting Mechanism;2018;1157,0
Kazakhstan Crediting Mechanism;2019;1341,0
Kazakhstan Crediting Mechanism;2020;0,0
Kazakhstan Crediting Mechanism;2021;77749,0
Kazakhstan Crediting Mechanism;2022;0,0
Kazakhstan Crediting Mechanism;2023;1691540,0
Kazakhstan Crediting Mechanism;2024;2228606,0
Kazakhstan Crediting Mechanism;2025;2145910,0
Plan Vivo;2002;46679,0
Plan Vivo;2003;48755,0
Plan Vivo;2004;36756,0
Plan Vivo;2005;55081,0
Plan Vivo;2006;56178,0
Plan Vivo;2007;90872,0
Plan Vivo;2008;34712,0
Plan Vivo;2009;121032,0
Plan Vivo;2010;44786,0
Plan Vivo;2011;209161,0
Plan Vivo;2012;165507,0
Plan Vivo;2013;370224,0
Plan Vivo;2014;177556,0
Plan Vivo;2015;218453,0
Plan Vivo;2016;359515,0
Plan Vivo;2017;283270,0
Plan Vivo;2018;293717,0
Plan Vivo;2019;426709,0
Plan Vivo;2020;678521,0
Plan Vivo;2021;1309963,0
Plan Vivo;2022;1757129,0
Plan Vivo;2023;2832155,0
Plan Vivo;2024;9701329,0
Plan Vivo;2025;378047,0
Quebec Offset Crediting Mechanism;2002;0,0
Quebec Offset Crediting Mechanism;2003;0,0
Quebec Offset Crediting Mechanism;2004;0,0
Quebec Offset Crediting Mechanism;2005;0,0
Quebec Offset Crediting Mechanism;2006;0,0
Quebec Offset Crediting Mechanism;2007;0,0
Quebec Offset Crediting Mechanism;2008;0,0
Quebec Offset Crediting Mechanism;2009;0,0
Quebec Offset Crediting Mechanism;2010;0,0
Quebec Offset Crediting Mechanism;2011;0,0
Quebec Offset Crediting Mechanism;2012;0,0
Quebec Offset Crediting Mechanism;2013;0,0
Quebec Offset Crediting Mechanism;2014;0,0
Quebec Offset Crediting Mechanism;2015;177661,0
Quebec Offset Crediting Mechanism;2016;333079,0
Quebec Offset Crediting Mechanism;2017;53253,0
Quebec Offset Crediting Mechanism;2018;114190,0
Quebec Offset Crediting Mechanism;2019;85234,0
Quebec Offset Crediting Mechanism;2020;113309,0
Quebec Offset Crediting Mechanism;2021;175674,0
Quebec Offset Crediting Mechanism;2022;251534,0
Quebec Offset Crediting Mechanism;2023;177747,0
Quebec Offset Crediting Mechanism;2024;289850,0
Quebec Offset Crediting Mechanism;2025;269658,0
Republic of Korea Offset Credit Mechanism;2002;0,0
Republic of Korea Offset Credit Mechanism;2003;0,0
Republic of Korea Offset Credit Mechanism;2004;0,0
Republic of Korea Offset Credit Mechanism;2005;0,0
Republic of Korea Offset Credit Mechanism;2006;0,0
Republic of Korea Offset Credit Mechanism;2007;0,0
Republic of Korea Offset Credit Mechanism;2008;0,0
Republic of Korea Offset Credit Mechanism;2009;0,0
Republic of Korea Offset Credit Mechanism;2010;0,0
Republic of Korea Offset Credit Mechanism;2011;0,0
Republic of Korea Offset Credit Mechanism;2012;0,0
Republic of Korea Offset Credit Mechanism;2013;0,0
Republic of Korea Offset Credit Mechanism;2014;0,0
Republic of Korea Offset Credit Mechanism;2015;7102025,0
Republic of Korea Offset Credit Mechanism;2016;7692528,0
Republic of Korea Offset Credit Mechanism;2017;4793438,0
Republic of Korea Offset Credit Mechanism;2018;4478507,0
Republic of Korea Offset Credit Mechanism;2019;3109352,0
Republic of Korea Offset Credit Mechanism;2020;3344838,0
Republic of Korea Offset Credit Mechanism;2021;5197248,0
Republic of Korea Offset Credit Mechanism;2022;8009231,0
Republic of Korea Offset Credit Mechanism;2023;7602711,0
Republic of Korea Offset Credit Mechanism;2024;1903831,0
Republic of Korea Offset Credit Mechanism;2025;5241957,0
RGGI CO2 Offset Mechanism;2002;0,0
RGGI CO2 Offset Mechanism;2003;0,0
RGGI CO2 Offset Mechanism;2004;0,0
RGGI CO2 Offset Mechanism;2005;0,0
RGGI CO2 Offset Mechanism;2006;0,0
RGGI CO2 Offset Mechanism;2007;0,0
RGGI CO2 Offset Mechanism;2008;0,0
RGGI CO2 Offset Mechanism;2009;0,0
RGGI CO2 Offset Mechanism;2010;0,0
RGGI CO2 Offset Mechanism;2011;0,0
RGGI CO2 Offset Mechanism;2012;0,0
RGGI CO2 Offset Mechanism;2013;0,0
RGGI CO2 Offset Mechanism;2014;0,0
RGGI CO2 Offset Mechanism;2015;0,0
RGGI CO2 Offset Mechanism;2016;0,0
RGGI CO2 Offset Mechanism;2017;14514,960000000001
RGGI CO2 Offset Mechanism;2018;15422,145000000002
RGGI CO2 Offset Mechanism;2019;13607,775
RGGI CO2 Offset Mechanism;2020;4535,925
RGGI CO2 Offset Mechanism;2021;0,0
RGGI CO2 Offset Mechanism;2022;0,0
RGGI CO2 Offset Mechanism;2023;0,0
RGGI CO2 Offset Mechanism;2024;0,0
RGGI CO2 Offset Mechanism;2025;0,0
Saitama Forest Absorption Certification System;2002;0,0
Saitama Forest Absorption Certification System;2003;0,0
Saitama Forest Absorption Certification System;2004;0,0
Saitama Forest Absorption Certification System;2005;0,0
Saitama Forest Absorption Certification System;2006;0,0
Saitama Forest Absorption Certification System;2007;0,0
Saitama Forest Absorption Certification System;2008;0,0
Saitama Forest Absorption Certification System;2009;0,0
Saitama Forest Absorption Certification System;2010;0,0
Saitama Forest Absorption Certification System;2011;0,0
Saitama Forest Absorption Certification System;2012;0,0
Saitama Forest Absorption Certification System;2013;0,0
Saitama Forest Absorption Certification System;2014;0,0
Saitama Forest Absorption Certification System;2015;0,0
Saitama Forest Absorption Certification System;2016;0,0
Saitama Forest Absorption Certification System;2017;0,0
Saitama Forest Absorption Certification System;2018;0,0
Saitama Forest Absorption Certification System;2019;0,0
Saitama Forest Absorption Certification System;2020;0,0
Saitama Forest Absorption Certification System;2021;200,0
Saitama Forest Absorption Certification System;2022;201,2
Saitama Forest Absorption Certification System;2023;0,0
Saitama Forest Absorption Certification System;2024;0,0
Saitama Forest Absorption Certification System;2025;709,0
Saitama Target Setting Emissions Trading System;2002;0,0
Saitama Target Setting Emissions Trading System;2003;0,0
Saitama Target Setting Emissions Trading System;2004;0,0
Saitama Target Setting Emissions Trading System;2005;0,0
Saitama Target Setting Emissions Trading System;2006;0,0
Saitama Target Setting Emissions Trading System;2007;0,0
Saitama Target Setting Emissions Trading System;2008;0,0
Saitama Target Setting Emissions Trading System;2009;0,0
Saitama Target Setting Emissions Trading System;2010;0,0
Saitama Target Setting Emissions Trading System;2011;0,0
Saitama Target Setting Emissions Trading System;2012;0,0
Saitama Target Setting Emissions Trading System;2013;0,0
Saitama Target Setting Emissions Trading System;2014;0,0
Saitama Target Setting Emissions Trading System;2015;5660000,0
Saitama Target Setting Emissions Trading System;2016;0,0
Saitama Target Setting Emissions Trading System;2017;0,0
Saitama Target Setting Emissions Trading System;2018;0,0
Saitama Target Setting Emissions Trading System;2019;0,0
Saitama Target Setting Emissions Trading System;2020;8530000,0
Saitama Target Setting Emissions Trading System;2021;0,0
Saitama Target Setting Emissions Trading System;2022;0,0
Saitama Target Setting Emissions Trading System;2023;0,0
Saitama Target Setting Emissions Trading System;2024;0,0
Saitama Target Setting Emissions Trading System;2025;0,0
Sakhalin Oblast Pilot crediting mechanism;2002;0,0
Sakhalin Oblast Pilot crediting mechanism;2003;0,0
Sakhalin Oblast Pilot crediting mechanism;2004;0,0
Sakhalin Oblast Pilot crediting mechanism;2005;0,0
Sakhalin Oblast Pilot crediting mechanism;2006;0,0
Sakhalin Oblast Pilot crediting mechanism;2007;0,0
Sakhalin Oblast Pilot crediting mechanism;2008;0,0
Sakhalin Oblast Pilot crediting mechanism;2009;0,0
Sakhalin Oblast Pilot crediting mechanism;2010;0,0
Sakhalin Oblast Pilot crediting mechanism;2011;0,0
Sakhalin Oblast Pilot crediting mechanism;2012;0,0
Sakhalin Oblast Pilot crediting mechanism;2013;0,0
Sakhalin Oblast Pilot crediting mechanism;2014;0,0
Sakhalin Oblast Pilot crediting mechanism;2015;0,0
Sakhalin Oblast Pilot crediting mechanism;2016;0,0
Sakhalin Oblast Pilot crediting mechanism;2017;0,0
Sakhalin Oblast Pilot crediting mechanism;2018;0,0
Sakhalin Oblast Pilot crediting mechanism;2019;0,0
Sakhalin Oblast Pilot crediting mechanism;2020;0,0
Sakhalin Oblast Pilot crediting mechanism;2021;0,0
Sakhalin Oblast Pilot crediting mechanism;2022;96,0
Sakhalin Oblast Pilot crediting mechanism;2023;0,0
Sakhalin Oblast Pilot crediting mechanism;2024;0,0
Sakhalin Oblast Pilot crediting mechanism;2025;0,0
South Africa Crediting Mechanism;2002;0,0
South Africa Crediting Mechanism;2003;0,0
South Africa Crediting Mechanism;2004;0,0
South Africa Crediting Mechanism;2005;0,0
South Africa Crediting Mechanism;2006;0,0
South Africa Crediting Mechanism;2007;0,0
South Africa Crediting Mechanism;2008;0,0
South Africa Crediting Mechanism;2009;0,0
South Africa Crediting Mechanism;2010;0,0
South Africa Crediting Mechanism;2011;0,0
South Africa Crediting Mechanism;2012;0,0
South Africa Crediting Mechanism;2013;0,0
South Africa Crediting Mechanism;2014;0,0
South Africa Crediting Mechanism;2015;0,0
South Africa Crediting Mechanism;2016;0,0
South Africa Crediting Mechanism;2017;0,0
South Africa Crediting Mechanism;2018;0,0
South Africa Crediting Mechanism;2019;0,0
South Africa Crediting Mechanism;2020;4509961,0
South Africa Crediting Mechanism;2021;5652599,0
South Africa Crediting Mechanism;2022;3058849,0
South Africa Crediting Mechanism;2023;1488128,0
South Africa Crediting Mechanism;2024;3990362,0
South Africa Crediting Mechanism;2025;11598769,0
Spain FES-CO2 Program;2002;0,0
Spain FES-CO2 Program;2003;0,0
Spain FES-CO2 Program;2004;0,0
Spain FES-CO2 Program;2005;0,0
Spain FES-CO2 Program;2006;0,0
Spain FES-CO2 Program;2007;0,0
Spain FES-CO2 Program;2008;0,0
Spain FES-CO2 Program;2009;0,0
Spain FES-CO2 Program;2010;0,0
Spain FES-CO2 Program;2011;0,0
Spain FES-CO2 Program;2012;0,0
Spain FES-CO2 Program;2013;5821,0
Spain FES-CO2 Program;2014;45790,0
Spain FES-CO2 Program;2015;96166,0
Spain FES-CO2 Program;2016;202581,0
Spain FES-CO2 Program;2017;313501,0
Spain FES-CO2 Program;2018;517605,0
Spain FES-CO2 Program;2019;734856,0
Spain FES-CO2 Program;2020;841985,0
Spain FES-CO2 Program;2021;859029,0
Spain FES-CO2 Program;2022;580216,0
Spain FES-CO2 Program;2023;224490,0
Spain FES-CO2 Program;2024;99824,0
Spain FES-CO2 Program;2025;66686,0
Sri Lanka Carbon Crediting Mechanism;2002;0,0
Sri Lanka Carbon Crediting Mechanism;2003;0,0
Sri Lanka Carbon Crediting Mechanism;2004;0,0
Sri Lanka Carbon Crediting Mechanism;2005;0,0
Sri Lanka Carbon Crediting Mechanism;2006;0,0
Sri Lanka Carbon Crediting Mechanism;2007;0,0
Sri Lanka Carbon Crediting Mechanism;2008;0,0
Sri Lanka Carbon Crediting Mechanism;2009;0,0
Sri Lanka Carbon Crediting Mechanism;2010;0,0
Sri Lanka Carbon Crediting Mechanism;2011;0,0
Sri Lanka Carbon Crediting Mechanism;2012;0,0
Sri Lanka Carbon Crediting Mechanism;2013;0,0
Sri Lanka Carbon Crediting Mechanism;2014;0,0
Sri Lanka Carbon Crediting Mechanism;2015;0,0
Sri Lanka Carbon Crediting Mechanism;2016;0,0
Sri Lanka Carbon Crediting Mechanism;2017;0,0
Sri Lanka Carbon Crediting Mechanism;2018;0,0
Sri Lanka Carbon Crediting Mechanism;2019;0,0
Sri Lanka Carbon Crediting Mechanism;2020;0,0
Sri Lanka Carbon Crediting Mechanism;2021;0,0
Sri Lanka Carbon Crediting Mechanism;2022;6555,0
Sri Lanka Carbon Crediting Mechanism;2023;1051,0
Sri Lanka Carbon Crediting Mechanism;2024;133,0
Sri Lanka Carbon Crediting Mechanism;2025;0,0
Switzerland CO2 Attestations Crediting Mechanism;2002;0,0
Switzerland CO2 Attestations Crediting Mechanism;2003;0,0
Switzerland CO2 Attestations Crediting Mechanism;2004;0,0
Switzerland CO2 Attestations Crediting Mechanism;2005;0,0
Switzerland CO2 Attestations Crediting Mechanism;2006;0,0
Switzerland CO2 Attestations Crediting Mechanism;2007;0,0
Switzerland CO2 Attestations Crediting Mechanism;2008;0,0
Switzerland CO2 Attestations Crediting Mechanism;2009;0,0
Switzerland CO2 Attestations Crediting Mechanism;2010;0,0
Switzerland CO2 Attestations Crediting Mechanism;2011;0,0
Switzerland CO2 Attestations Crediting Mechanism;2012;0,0
Switzerland CO2 Attestations Crediting Mechanism;2013;3636481,0
Switzerland CO2 Attestations Crediting Mechanism;2014;586263,0
Switzerland CO2 Attestations Crediting Mechanism;2015;697424,0
Switzerland CO2 Attestations Crediting Mechanism;2016;834041,0
Switzerland CO2 Attestations Crediting Mechanism;2017;1065773,0
Switzerland CO2 Attestations Crediting Mechanism;2018;1315071,0
Switzerland CO2 Attestations Crediting Mechanism;2019;1372085,0
Switzerland CO2 Attestations Crediting Mechanism;2020;1498382,0
Switzerland CO2 Attestations Crediting Mechanism;2021;1499414,0
Switzerland CO2 Attestations Crediting Mechanism;2022;1311959,0
Switzerland CO2 Attestations Crediting Mechanism;2023;658,0
Switzerland CO2 Attestations Crediting Mechanism;2024;0,0
Switzerland CO2 Attestations Crediting Mechanism;2025;1794292,0
Taiwan Voluntary GHG Reduction Program;2002;0,0
Taiwan Voluntary GHG Reduction Program;2003;0,0
Taiwan Voluntary GHG Reduction Program;2004;0,0
Taiwan Voluntary GHG Reduction Program;2005;0,0
Taiwan Voluntary GHG Reduction Program;2006;0,0
Taiwan Voluntary GHG Reduction Program;2007;0,0
Taiwan Voluntary GHG Reduction Program;2008;0,0
Taiwan Voluntary GHG Reduction Program;2009;0,0
Taiwan Voluntary GHG Reduction Program;2010;0,0
Taiwan Voluntary GHG Reduction Program;2011;0,0
Taiwan Voluntary GHG Reduction Program;2012;0,0
Taiwan Voluntary GHG Reduction Program;2013;0,0
Taiwan Voluntary GHG Reduction Program;2014;0,0
Taiwan Voluntary GHG Reduction Program;2015;0,0
Taiwan Voluntary GHG Reduction Program;2016;0,0
Taiwan Voluntary GHG Reduction Program;2017;0,0
Taiwan Voluntary GHG Reduction Program;2018;0,0
Taiwan Voluntary GHG Reduction Program;2019;0,0
Taiwan Voluntary GHG Reduction Program;2020;0,0
Taiwan Voluntary GHG Reduction Program;2021;12410000,0
Taiwan Voluntary GHG Reduction Program;2022;151281,0
Taiwan Voluntary GHG Reduction Program;2023;0,0
Taiwan Voluntary GHG Reduction Program;2024;2141960,0
Taiwan Voluntary GHG Reduction Program;2025;0,0
Thailand Voluntary Emission Reduction Program;2002;0,0
Thailand Voluntary Emission Reduction Program;2003;0,0
Thailand Voluntary Emission Reduction Program;2004;0,0
Thailand Voluntary Emission Reduction Program;2005;0,0
Thailand Voluntary Emission Reduction Program;2006;0,0
Thailand Voluntary Emission Reduction Program;2007;0,0
Thailand Voluntary Emission Reduction Program;2008;0,0
Thailand Voluntary Emission Reduction Program;2009;0,0
Thailand Voluntary Emission Reduction Program;2010;0,0
Thailand Voluntary Emission Reduction Program;2011;0,0
Thailand Voluntary Emission Reduction Program;2012;0,0
Thailand Voluntary Emission Reduction Program;2013;0,0
Thailand Voluntary Emission Reduction Program;2014;0,0
Thailand Voluntary Emission Reduction Program;2015;339537,0
Thailand Voluntary Emission Reduction Program;2016;287124,0
Thailand Voluntary Emission Reduction Program;2017;766632,0
Thailand Voluntary Emission Reduction Program;2018;583141,0
Thailand Voluntary Emission Reduction Program;2019;1777132,0
Thailand Voluntary Emission Reduction Program;2020;2258361,0
Thailand Voluntary Emission Reduction Program;2021;3551073,0
Thailand Voluntary Emission Reduction Program;2022;4412436,0
Thailand Voluntary Emission Reduction Program;2023;3058737,0
Thailand Voluntary Emission Reduction Program;2024;4402796,0
Thailand Voluntary Emission Reduction Program;2025;0,0
Tokyo Cap-and-Trade Program;2002;0,0
Tokyo Cap-and-Trade Program;2003;0,0
Tokyo Cap-and-Trade Program;2004;0,0
Tokyo Cap-and-Trade Program;2005;0,0
Tokyo Cap-and-Trade Program;2006;0,0
Tokyo Cap-and-Trade Program;2007;0,0
Tokyo Cap-and-Trade Program;2008;0,0
Tokyo Cap-and-Trade Program;2009;0,0
Tokyo Cap-and-Trade Program;2010;0,0
Tokyo Cap-and-Trade Program;2011;47000,0
Tokyo Cap-and-Trade Program;2012;39000,0
Tokyo Cap-and-Trade Program;2013;219000,0
Tokyo Cap-and-Trade Program;2014;558000,0
Tokyo Cap-and-Trade Program;2015;1600000,0
Tokyo Cap-and-Trade Program;2016;6829000,0
Tokyo Cap-and-Trade Program;2017;867000,0
Tokyo Cap-and-Trade Program;2018;169000,0
Tokyo Cap-and-Trade Program;2019;268000,0
Tokyo Cap-and-Trade Program;2020;216000,0
Tokyo Cap-and-Trade Program;2021;11000000,0
Tokyo Cap-and-Trade Program;2022;265000,0
Tokyo Cap-and-Trade Program;2023;54000,0
Tokyo Cap-and-Trade Program;2024;115000,0
Tokyo Cap-and-Trade Program;2025;111000,0
UK Woodland Carbon Code;2002;0,0
UK Woodland Carbon Code;2003;0,0
UK Woodland Carbon Code;2004;0,0
UK Woodland Carbon Code;2005;0,0
UK Woodland Carbon Code;2006;0,0
UK Woodland Carbon Code;2007;0,0
UK Woodland Carbon Code;2008;0,0
UK Woodland Carbon Code;2009;0,0
UK Woodland Carbon Code;2010;0,0
UK Woodland Carbon Code;2011;0,0
UK Woodland Carbon Code;2012;0,0
UK Woodland Carbon Code;2013;0,0
UK Woodland Carbon Code;2014;0,0
UK Woodland Carbon Code;2015;0,0
UK Woodland Carbon Code;2016;0,0
UK Woodland Carbon Code;2017;0,0
UK Woodland Carbon Code;2018;0,0
UK Woodland Carbon Code;2019;0,0
UK Woodland Carbon Code;2020;0,0
UK Woodland Carbon Code;2021;0,0
UK Woodland Carbon Code;2022;0,0
UK Woodland Carbon Code;2023;47,0
UK Woodland Carbon Code;2024;0,0
UK Woodland Carbon Code;2025;269,0
Verified Carbon Standard;2002;0,0
Verified Carbon Standard;2003;0,0
Verified Carbon Standard;2004;0,0
Verified Carbon Standard;2005;0,0
Verified Carbon Standard;2006;0,0
Verified Carbon Standard;2007;0,0
Verified Carbon Standard;2008;0,0
Verified Carbon Standard;2009;20591856,0
Verified Carbon Standard;2010;24014316,0
Verified Carbon Standard;2011;24153406,0
Verified Carbon Standard;2012;33844512,0
Verified Carbon Standard;2013;28742372,0
Verified Carbon Standard;2014;17939993,0
Verified Carbon Standard;2015;20401187,0
Verified Carbon Standard;2016;18137466,0
Verified Carbon Standard;2017;43489634,0
Verified Carbon Standard;2018;49565842,0
Verified Carbon Standard;2019;118848834,0
Verified Carbon Standard;2020;140374473,0
Verified Carbon Standard;2021;295083465,0
Verified Carbon Standard;2022;201569455,0
Verified Carbon Standard;2023;148384227,0
Verified Carbon Standard;2024;105102149,0
Verified Carbon Standard;2025;75644984,0
Washington Crediting Mechanism;2002;0,0
Washington Crediting Mechanism;2003;0,0
Washington Crediting Mechanism;2004;0,0
Washington Crediting Mechanism;2005;0,0
Washington Crediting Mechanism;2006;0,0
Washington Crediting Mechanism;2007;0,0
Washington Crediting Mechanism;2008;0,0
Washington Crediting Mechanism;2009;0,0
Washington Crediting Mechanism;2010;0,0
Washington Crediting Mechanism;2011;0,0
Washington Crediting Mechanism;2012;0,0
Washington Crediting Mechanism;2013;0,0
Washington Crediting Mechanism;2014;0,0
Washington Crediting Mechanism;2015;0,0
Washington Crediting Mechanism;2016;0,0
Washington Crediting Mechanism;2017;0,0
Washington Crediting Mechanism;2018;0,0
Washington Crediting Mechanism;2019;0,0
Washington Crediting Mechanism;2020;0,0
Washington Crediting Mechanism;2021;0,0
Washington Crediting Mechanism;2022;0,0
Washington Crediting Mechanism;2023;249136,0
Washington Crediting Mechanism;2024;61130,0
Washington Crediting Mechanism;2025;1244130,0
