Buyer;Year;Seller;Status;Notes
Switzerland;2022;Chile;Acordo de implementação assinado;
Switzerland;2021;Dominica;Acordo de implementação assinado;
Switzerland;2021;Georgia;Acordo de implementação assinado;
Switzerland;2020;Ghana;Autorização bilateral concluída;112565 ITMOs to be transferred by 2030 through the promotion of climate smart agriculture practices for sustainable rice cultivation in Ghana
Switzerland;2023;Kenya;Acordo de implementação assinado;
Switzerland;2022;Malawi;Acordo de implementação assinado;
Switzerland;2022;Morocco;Acordo de implementação assinado;
Switzerland;2020;Peru;Acordo de implementação assinado;
Switzerland;2021;Senegal;Acordo de implementação assinado;
Switzerland;2024;Tunisia;Acordo de implementação assinado;
Switzerland;2021;Thailand;Autorização bilateral concluída;"31,138 ITMOs transferred so far; Maximum of 500000 ITMOs to be transferred by 2030 from e-mobility project in Bangkok Metropolitan Area"
Switzerland;2022;Ukraine;Acordo de implementação assinado;
Switzerland;2022;Uruguay;Acordo de implementação assinado;
Switzerland;2021;Vanuatu;Autorização bilateral concluída;97217 ITMOs to be transferred by 2030 through the electrification of Vanuatu’s Inhabited Islands through Solar Power ITMO Programme
Singapore;2025;Bhutan;Acordo de implementação assinado;
Singapore;2023;Cambodia;Memorando de entendimento assinado;
Singapore;2025;Chile;Acordo de implementação assinado;
Singapore;2023;Costa Rica;Memorando de entendimento assinado;
Singapore;2023;Colombia;Memorando de entendimento assinado;
Singapore;2023;Dominican Republic;Memorando de entendimento assinado;
Singapore;2023;Fiji;Memorando de entendimento assinado;
Singapore;2024;Ghana;Acordo de implementação assinado;
Singapore;2023;Kenya;Memorando de entendimento assinado;
Singapore;2024;Lao PDR;Memorando de entendimento assinado;
Singapore;2025;Malaysia;Memorando de entendimento assinado;
Singapore;2023;Mongolia;Memorando de entendimento assinado;
Singapore;2022;Morocco;Memorando de entendimento assinado;
Singapore;2024;Phillipines;Memorando de entendimento assinado;
Singapore;2023;Papua New Guinea;Acordo de implementação assinado;
Singapore;2025;Paraguay;Acordo de implementação assinado;
Singapore;2025;Peru;Acordo de implementação assinado;
Singapore;2025;Rwanda;Acordo de implementação assinado;
Singapore;2023;Senegal;Memorando de entendimento assinado;
Singapore;2023;Sri Lanka;Memorando de entendimento assinado;
Singapore;2024;Zambia;Memorando de entendimento assinado;
Singapore;2022;Vietnam;Memorando de entendimento assinado;
Korea, Rep.;2024;Cambodia;Memorando de entendimento assinado;
Korea, Rep.;2023;Gabon;Memorando de entendimento assinado;
Korea, Rep.;2024;Indonesia;Memorando de entendimento assinado;
Korea, Rep.;2024;Kazakhstan;Memorando de entendimento assinado;
Korea, Rep.;2023;Lao PDR;Memorando de entendimento assinado;
Korea, Rep.;2024;Malaysia;Memorando de entendimento assinado;
Korea, Rep.;2023;Mongolia;Memorando de entendimento assinado;
Korea, Rep.;2023;Uzbekistan;Memorando de entendimento assinado;
Korea, Rep.;2023;Vietnam;Acordo de implementação assinado;
Kuwait;2023;Rwanda;Memorando de entendimento assinado;
Sweden;2022;Dominican Republic;Memorando de entendimento assinado;
Sweden;2024;Ghana;Acordo de implementação assinado;
Sweden;2024;Nepal;Acordo de implementação assinado;
Sweden;2024;Zambia;Acordo de implementação assinado;
Sweden;2024;Rwanda;Memorando de entendimento assinado;
Norway;2023;Indonesia;Memorando de entendimento assinado;
Norway;2023;Morocco;Memorando de entendimento assinado;
Norway;2024;Senegal;Acordo de implementação assinado;
Norway;2024;Zambia;Acordo de implementação assinado;
Norway;2024;Jordan;Acordo de implementação assinado;
Norway;2024;Benin;Acordo de implementação assinado;
United Arab Emirates;2023;Paraguay;Memorando de entendimento assinado;
