Mechanism;Administration;Status;Year of Implementation;Scope;Jurisdiction;Region;Income group;Credit name;Price (Range);Eligible sectors;Accepted by compliance instruments;Cumulative issued (kt);Cumulative retired (kt);Cumulative cancelled (kt);Cumulative projects registered;Description of the mechanism;Recent developments
Alberta Emission Offset System;Governamental;Implementado;2007,0;Subnacional;Alberta;North America;High income;"Emission offsets, 
Emission performance credits,
An Emission offset can convert to a Sequestration credit, and a Sequestration credit can convert to a Capture recognition tonne.";The TIER fund price is set at $95 per tonne of CO2e. Credits/offsets typically trade at an unknown discount to that number.;Agriculture, CCS / CCU, Energy Efficiency / Fuel Switching, Forestry / Land Use, Fugitive Emissions, Industrial Gases/Manufacturing, Renewable Energy, Waste;Alberta TIER Regulation and Canada’s Output-based Pricing System.;60748,86;76181,144;0;484;"Alberta’s greenhouse gas reduction framework including the implementation of its carbon offset crediting system was established in 2007. To be eligible for crediting, all activities must take place within the province of Alberta and meet a number of other system requirements including having a government-approved quantification protocol for the emission reduction activity. 

The Canadian federal government recognizes the Alberta Emission Offset System under a number of approved protocols to supply a source of credits (called Recognized Units) to the federal-regulated facilities under the federal output-based pricing system program since August 2020. The federal output-based pricing system does not apply in Alberta. 

Other credit types include:
• Emission performance credits, created by regulated facilities whose emissions are less than their allocations; 
• Associated Emission Offset: Sequestration credits, which occur from converting emission offsets from deep saline aquifer sequestration or enhanced oil recovery and enable the underlying activity to also participate in generating credits under Canada’s Clean Fuel Regulations; and
• Capture recognition tonnes, which are converted sequestration credits and can be applied at a regulated facility that captured the carbon dioxide as if it was an on-site reduction.
";"
Effective April 1, 2025, the federal fuel charge under Canada’s carbon pricing system is $0. The federal Output-Based Pricing System (OBPS) remains in effect. 

The TIER Regulation was most recently amended in December 2025 and includes a new compliance pathway recognizing certain investments and providing a mechanism for smaller facilities to leave the regulation because of the federal fuel charge change. 

The TIER Regulation was amended effective January 1, 2023, and updated a number of requirements for regulated facilities and Alberta emission offset projects. Related to credits, amendments include a phased-in increase in credit use limit (rising from 60% maximum in 2023 by 10% per year until it reaches 90% in 2026), reducing the credit expiry period to 5 years, additional  reviews for project credit extensions, and the establishment of two new credit types – sequestration credits and capture recognition tonnes – to support carbon capture and storage business models. The guidance and requirements of the offset system are also updated including the Standard for Greenhouse Gas Emission Offset Project Developers (version 3.3, released June 16, 2025) and the Carbon Offset Emission Factor Handbook (version 3.1, released August 20, 2025).  "
American Carbon Registry;Independente;Implementado;1996,0;Global;;;;Verified Emission Reductions (VERs);US$5.38/tCO2e (unweighted average) (2020);Agriculture, CCS / CCU, Energy Efficiency / Fuel Switching, Forestry / Land Use, Industrial Gases/Manufacturing, Renewable Energy, Transport, Waste;CORSIA, Washington State CAR;362471,477;;12695.926;354;The American Carbon Registry (ACR), originally the GHG Registry, was founded in 1996 by Environmental Defense Fund as the first independent voluntary offset program in the world. The GHG Registry offered corporate GHG inventory service, VER project registration and a RECs registry, before issuing its first project-based credits in 2002. The GHG Registry rebranded as ACR upon joining Winrock in 2008. ACR issues project-based VERs for projects based in the US. Since its inception, the ACR has branched out to credit emission reductions and removals credits for voluntary and compliance markets, and projects outside the US. The ACR also issues ROCs under the California Compliance Program, which can then be transitioned into ARB Offset Credits under that program.;
Australian Carbon Credit Unit Scheme (ACCU);Governamental;Implementado;2012,0;Nacional;Australia;East Asia & Pacific;High income;Australia Carbon Credit Unit (ACCU);A$31.96-41.73/tCO2e (US$19.82-25.87/tCO2e );Agriculture, Energy Efficiency / Fuel Switching, Forestry / Land Use, Fugitive Emissions, Transport, Waste;The Australian Safeguard Mechanism accepts credits for compliance but is not a direct carbon pricing instrument;221217,022;119853,164;200;3239;Australia’s carbon crediting mechanism started registering projects in 2012 following the passing of the Carbon Credits (Carbon Farming Initiative) Act 2011. The Carbon Farming Initiative (CFI) was used to supply offsets to Australia’s Carbon Pricing Mechanism – a national ETS. When the ETS was repealed in 2014, Australia’s carbon crediting policy transitioned to a voluntary scheme, previously known as the Emissions Reduction Fund (ERF). ACCUs issued under the scheme can be used for compliance purposes by entities covered under the Safeguard Mechanism, sold to the Government, or sold on the voluntary market.;"In November 2025, the ACCU registry was successfully migrated into the new Unit and Certificate Registry, a blockchain‑enabled system that provides richer transparency and security, with detailed data on method, location and issuance date for each unit. This migration is a big step in building more transparent and liquid carbon markets in Australia and supports future market growth.

In December 2025, the Government announced a new permanent exit arrangement process for contract holders who sell ACCUs to the Government. The arrangement is voluntary and contract holders who opt-in will receive 60 per cent off fees to leave contracts if they deliver 25 per cent of the remaining contracted ACCUs. The arrangement opens on 1 July 2026 and will promote stability of the ACCU market and drive more investment in ACCU projects to help meet emissions reduction targets. 

The Reducing methane emissions from landfill gas method came into force in November 2025 after substantial consultation. 

The Emissions Reduction Assurance Committee (ERAC), Clean Energy Regulator (CER) and Government are consulting on a number of other proposed methods that may bolster future ACCU supply."
Beijing Certified Emission Reduction Mechanism;Governamental;Implementado;2014,0;Subnacional;Beijing;East Asia & Pacific;Upper middle income;Beijing Certified Emission Reductions (BCERs);CNY83-110/tCO2-e (US$11.8–15.5/tCO2-e) (2024);;Beijing pilot ETS;149,665;0,0;0;1;"Beijing Certified Emission Reduction Mechanism 

was launched in September 2014 after the authority issued Administrative Measures for Carbon Emissions Offsetting in Beijing (Trial). 

Eligible projects include green architecture, Low-carbon transportation, landscaping, renewable energy and energy saving.  ";Beijing Municipal Ecology and Environment Bureau revised and issued the Administrative Measures for Carbon Emissions Offsetting in Beijing Carbon Market in September 2024. 
Beijing Forestry Offset Mechanism;Governamental;Extinto;2014,0;Subnacional;Beijing;East Asia & Pacific;Upper middle income;Beijing Forestry Certified Emission Reductions (BFCERs);CNY13.8-61/tCO2e (US$2.1-9.28/tCO2e) (2020);Forestry / Land Use;Beijing pilot ETS;0,0;;0;Not available;The Beijing Forestry Offset Mechanism is a subnational crediting mechanism running in parallel with the China GHG Voluntary Emission Reduction Program (the national crediting mechanism). BFCERs are only eligible for compliance use under the Beijing pilot ETS. The Beijing Forestry Offset Mechanism was established in the same year as China’s national crediting mechanism and focuses on crediting forestry carbon sequestration activities within the Beijing municipality.;"The ""Urban green space Carbon sink function Accounting Project based on remote sensing and carbon flux Monitoring"" of Beijing Landscape Planning and Resources Monitoring Center has made new progress. Beijing Tongzhou District Landscaping Bureau actively promote forestry carbon sink pilot construction."
Beijing Parking Offset Crediting Mechanism;Governamental;Extinto;2017,0;Subnacional;Beijing;East Asia & Pacific;Upper middle income;Parking Certified Emission Reductions (PCERs);CNY56-130/tCO2e (US$7-19/tCO2e) (2023);Energy Efficiency / Fuel Switching, Transport;Beijing pilot ETS;0,0;;Not available;Not available;Similar to the Beijing Forestry Offset Mechanism, the Beijing Parking Offset Mechanism is a subnational crediting mechanism running in parallel with the China GHG Voluntary Emission Reduction Program. The Mechanism was established in 2017. It is mainly an incentive program to encourage citizens to stop using fossil fuel vehicle by providing 0.5 Yuan/day. In April 2020, Beijing Environment and Ecology Bureau extend the scope of application to various low-carbon travel modes such as public transportation, rail, walking, bicycle, and ridesharing. In September 2020, the Beijing Municipal Commission of Transport and the Beijing Municipal Bureau of Ecological Environment launched a carbon inclusive incentive measure for green travel based on the Beijing MaaS platform. In addition, PCERs were made eligible for compliance to use under the Beijing pilot ETS.;Relying on the pilot carbon market in Beijing, we have innovatively opened up carbon inclusion and carbon trading. The public low-carbon travel carbon reduction collected by the carbon inclusive platform, after verification, can be traded in the pilot carbon market in Beijing, and used to settle the quota of key carbon emission units or take the initiative to fulfill the social responsibility of carbon reduction.
British Columbia Offset Program;Governamental;Implementado;2016,0;Subnacional;British Columbia;North America;High income;British Columbia Offset Units (BCOs) and British Columbia Earned Credits (BCEs);CAN$8-15/tCO2e (US$6-12/tCO2e) (2025);Energy Efficiency / Fuel Switching, Forestry / Land Use, Waste;"Greenhouse Gas Industrial Reporting and Control Act (GGIRCA)
Climate Change Accountability Act (CCAA)";26598,883;9482,403;0;122;British Columbia’s crediting mechanism was legislated through the GHG Emission Control Regulation under the Greenhouse Gas Industrial Reporting and Control Act (GGIRCA) in 2014. Emissions reductions from projects within British Columbia can earn British Columbia Offset Units, which can then be sold to facilities regulated under the British Columbia Output Based Pricing System (OBPS) enacted by GGIRCA—a baseline and-credit emissions trading system - to satisfy their legislative requirements. The Canadian Federal Government recognized British Columbia's offset programs as source of credits for the federal OBPS program in August 2020. Operations regulated under an OBPS with emissions reductions less than the emissions limit applicable can hold Earned Credits, which can then be sold to other regulated operations to satisfy their compliance obligation.;"B.C. is expanding its offset credit portfolio, which will provide additional compliance flexibility for regulated facilities in the medium to long term.

On August 6, 2025, the Province of British Columbia finalized and published the Carbon Capture and Sequestration Protocol (CCSP) under the provincial greenhouse gas offset framework, enabling eligible projects to generate B.C.-issued offsets for the permanent storage of captured carbon.

Further, on November 14, 2025, the Province of British Columbia finalized and published the B.C. Refrigerants Offset Protocol (BCROP), approved under the Greenhouse Gas Industrial Reporting & Control Act which incentivizes GHG reductions through the replacement
or retrofit of high global warming potential refrigerants. This complements the province’s existing protocols, the Forest Carbon Offset Protocol and the Methane from Organic Waste Protocol. "
California Compliance Offset Program;Governamental;Implementado;2013,0;Subnacional;California;North America;High income;British Columbia Offset Units (BCOs) and British Columbia Earned Credits (BCEs);US$20.88/tCO2e (weighted average price for 2023);Agriculture, Forestry / Land Use, Fugitive Emissions, Industrial Gases/Manufacturing;California Cap-and-Trade Program and Québec Cap-and-Trade System;320100,023;203057,248;6451.282;569;The California Compliance Offset Program is the mechanism that supplies compliance offset credits for use in California’s Cap-and-Invest Program. The Compliance Offset Program is implemented and overseen by the California Air Resources Board (CARB) and leverages approved Offset Project Registries to assist in administering the offset project registration and credit issuance application processes. The amount of offset credits compliance entities can use to meet their obligations under California’s Cap-and-Invest Program (also called the quantitative usage limit) was reduced from 8% (for 2013-2020 GHG emissions) to 4% for emissions during 2021-2025, and then will be 6% for emissions in 2026 and beyond. In addition, no more than one half of the quantitative offset usage limit can be met from offset credits that do not provide direct environmental benefits within the state of California. A Compliance Offsets Protocol Task Force provides guidance to CARB in approving new and revising current offset protocols. The design of the Compliance Offset Program has been successfully litigated.;"Assembly Bill 1207, signed in September 2025, renamed California’s Cap-and-Trade Program to Cap-and-Invest Program  extended the program through 2045. AB 1207 sets the quantitative offset usage limit to be 6% of an entity’s compliance obligation for 2031-2045, and it requires CARB to remove allowances from future budgets equal to offsets used for compliance instead of proactively transferring allowances to cost-containment reserve to account for offsets “under the cap” by assuming that offsets use will be maximized.

Senate Bill 1207, signed in September 2025, requires CARB to conduct an evaluation of the Compliance Offsets Program by the end of 2026 and to update all existing compliance offset protocols to reflect the best available science by January 1, 2029. By 2034 and every five years thereafter, SB 840 further requires CARB to evaluate all compliance offset protocols and consider whether updates are necessary to reflect the best available science."
Canada Federal GHG Offset System;Governamental;Implementado;2022,0;Nacional;Canada;North America;High income;Federal Offset Credit;;;Canada’s federal Output-Based Pricing System Regulations and Clean Electricity Regulations;0,0;0,0;0;59;Canada’s GHG Offset Credit System was launched in June 2022 to provide an incentive to voluntarily implement projects that result in domestic GHG reductions and removals compared to business-as-usual practices. Federal offset credits can be used for compliance under the federal Output-Based Pricing System and under the Clean Electricity Regulations. In addition, federal offset credits can be used by other entities, including governments in Canada, companies, and municipalities, to meet voluntary climate targets or net zero goals, such as greening government operations and under initiatives like Canada’s Net Zero Challenge. ;"Environment and Climate Change Canada (ECCC) published an offset protocol for The first federal offset credits were issued in June 2025.

The first federal offset credits were remitted for compliance purposes under the federal OBPS, for the 2024 compliance year.

For the period of March-April 2025, the draft Reducing Manure Methane Emissions federal offset protocol was published for public comment. When the final protocol is published (targeted for 2026), it will extend offset opportunities to agricultural operations. 

In October 2025, the final Reducing Enteric Methane Emissions from Beef Cattle (REME) federal offset protocol was published. As the first protocol in the agriculture sector, this was a key milestone in Canada’s GHG Offset Credit System.

Additionally, ECCC announced in December 2025 that it plans to initiate the development of a Bioenergy with Carbon Dioxide Capture and Geological Storage (BECCS) protocol in winter 2026.Improved Forest Management on Private Land on May 6th, 2024 and an updated version (1.1) was released on October 15 2024.

ECCC published a discussion paper entitled Facilitating Projects on Crown and Public Land in Canada’s Greenhouse Gas Offset Credit System. Feedback on this paper will help to inform how "
Chile Emission Standards and Reduction Certificates;Não informado;Em desenvolvimento;;Não informado;;;;;;;;;;;;"Article 14 of the Framework Law on Climate Change (21.455) establishes emission standards, whereby the Ministry of the Environment shall establish, through these standards, the maximum amount of a greenhouse gas and/or short-lived climate forcer that may be emitted by an establishment, emission source or group thereof, based on a reference emissions standard by technology, sector and/or activity, in order to meet the objectives of the Long-Term Climate Strategy and the Nationally Determined Contribution.

Likewise, Article 15 of said law establishes that, in order to comply with emission standards, certificates accrediting the reduction or absorption of greenhouse gas emissions obtained through the implementation of projects in Chile for this purpose may be used.";"Publication of the Regulation to develop emissions standards (Article 14): https://www.bcn.cl/leychile/navegar?idNorma=1215209

Under review by the Comptroller General of the Republic, regulations governing the emissions standards compensation system (Article 15)"
Chile Green Tax Emissions Offsetting Scheme;Governamental;Implementado;2023,0;Nacional;Chile;Latin America & Caribbean;High income;Certificado de Reducción de Emisiones (CRE);USD 3.5 - USD 5;;Chile's carbon tax;8317,983;0,0;0;25;"In September 2023, the Ministry of Environment approved Regulation No° 43.664, establishing the obligations and procedures for evaluating, verifying, and certifying emission reduction projects to offset the carbon tax in the country. Some of the key points include: 
-	Regulated entities can offset all or a portion of their carbon tax-covered emissions.
-	For offsetting, there may be a maximum of three years between the year of reduction of the emissions used to compensate and the year in which the taxed emissions are generated.
-	The mitigation initiatives generating eligible carbon credits shall be aligned with the country’s NDC.
-	Emissions may only be offset by implementing projects to reduce emissions of the same pollutant. 
-	Offset projects must be located within Chile. Entities seeking to compensate for their particulate matter emissions must invest in projects located in the same area as the emitting installation.
The compensation scheme recognizes VCS, CDM, Gold Standard, Cercarbono and Biocarbon Standard as external certification programs or standards, so credits under these standards can then be used to offset emissions under the carbon tax..";During 2024, 258,547 tCO2eq credits from Verra, CDM and Gold Standard were homologated and cancelled for Chilean Carbon Tax.
China GHG Voluntary Emission Reduction Program;Governamental;Implementado;2012,0;Nacional;China;East Asia & Pacific;Upper middle income;Chinese Certified Emission Reductions (CCERs);CNY2.84-176/ tCO2-e(US$0.40-24.68/ tCO2-e;Energy Efficiency / Fuel Switching, Forestry / Land Use, Renewable Energy, Waste;China National ETS, Beijing pilot ETS, Chongqing pilot ETS, CORSIA, Fujian pilot ETS, Guangdong pilot ETS, Hubei pilot ETS, Shanghai pilot ETS, Shenzhen pilot ETS, Tianjin pilot ETS;53000,0;0,0;8000;1049;National Voluntary Greenhouse Gas Emission Reduction Trading Market was established by the Ministry of Ecology and Environment (MEE) in conjunction with the State Administration for Market Regulation in 2023, and launched in 2024. Its predecessor was the China GHG Voluntary Emission Reduction Program established by the National Development and Reform Commission (NDRC) in 2012. The Market is an offset crediting mechanism to support greater control and management of domestic GHG emissions and the promotion of the domestic carbon market. The registration of projects started in 2015 but the registration of new projects was suspended in 2017 while regulations were reviewed. In 2018, because of restructuring, the competent authority of National Voluntary Greenhouse Gas Emission Reduction Trading Market has transferred to  the Ministry of Ecology and Environment (MEE). In 2023, the MEE and the State Administration for Market Regulation jointly released the Measures for the Administration of Voluntary Greenhouse Gas Emission Reduction Trading (Trial). CCERs can be used by the compliance entities to offset up to 5% under the national ETS to help meet emission obligations.;"On January 22, 2024, National Voluntary Greenhouse Gas Emission Reduction Trading Market relaunched.
On August 23, 2024, the Registry, National Center for Climate Change Strategy and International Cooperation (NCSC), released announcement that NCSC officially started to accept applications for voluntary emission reduction projects and emission reduction.
Until December 31, 2024, 63 projects were publicly listed for open comment, which were expected to generate 14.67 million tonnes of CO2 emission reduction per year. 

"
Chongqing carbon offset mechanism;Governamental;Implementado;2021,0;Subnacional;Chongqing;East Asia & Pacific;Upper middle income;Chongqing Certified Emission Reduction (CQCER);CNY19-45/ tCO2-e(US$2.68–6.34/tCO2-e);Forestry / Land Use, Renewable Energy, Waste;Chongqing pilot ETS;1915,198;0,0;0;1;"The Chongqing carbon offset mechanism was launched in September 2021. Eligible projects include afforestation, landfill methane, green architecture, Low-carbon transportation and (non-hydro) renewable energy. Chongqing Certified Emission Reduction (CQCERs) can either be used for compliance purposes under the Chongqing ETS or for voluntary purposes, such as by individuals and corporations looking to meet carbon neutral goals. The mechanism recognizes emissions reductions generated after September 14 of 2021 and projects must be located within Chongqing and must have commenced after June 19, 2014

The mechanism recognizes emissions reductions generated after January 1 of 2016 and projects must be located within Chongqing and must have commenced after June 19, 2014.";The Chongqing carbon credit mechanism was modified in September 2024. The mechanism reduces the number of project categories, recognizes emissions reductions generated after September 14 of 2021, and optimizes the registration process.
Clean Development Mechanism;Internacional;Implementado;2006,0;Global;UNFCCC;;;Certified Emission Reduction (CER), temporary Certified Emission Reduction (tCER), long-term Certified Emission Reduction (lCER);;;South Africa Carbon Tax, CORSIA;2450027,464;;1035.475;8535;The Clean Development Mechanism (CDM) was established under the Kyoto Protocol to credit emission reductions from projects in developing countries. ;At COP27 further guidance was agreed on concerning the rules and processes for transitioning eligible CDM projects to the Article 6.4 Mechanism under the Paris Agreement.
Climate Action Reserve;Independente;Implementado;2001,0;Global;;;;Climate Reserve Tonnes (CRTs);US$2.34/tCO2e (unweighted average) (2020);Agriculture, Forestry / Land Use, Industrial Gases/Manufacturing, Waste;CORSIA, Washington State CAR;247316,596;;1467.984;733;The Climate Action Reserve originally began as the California Climate Action Registry and was created by the State of California in 2001 to promote and protect local businesses as they took actions to manage and reduce their GHG emissions. CRTs are mainly used for voluntary offsetting purposes and most (around 97%) are from activities that reduce emissions from landfills, reduce ozonedepleting substances, and forestry.;
Climate Credit System;Governamental;Em desenvolvimento;;Subnacional;Catalonia;Europe & Central Asia;High income;;;;;0,0;;0;0;The Catalonian government approved a new carbon credit system in 2023. Initial credits under the scheme will be forestry based, with new methodologies potentially covering soil carbon projects. ;
Colombia Crediting Mechanism;Governamental;Implementado;2017,0;Nacional;Colombia;Latin America & Caribbean;Upper middle income;"CERs: Certificate of Emission Reductions under the CDM mechanism (only from Colombian projects)
VERs: Certified GHG emission reductions or removals under voluntary standards (other than CDM).";"Variable.
Carbon Tax´s tariff is currently set at COP29.070,49 per tCO2e for 2026 and for 2025, the rate in force throughout that year was COP$27,399.14 per tCO2e. This is an implicit maximum price  for credits sold for carbon tax offsetting mechanism purposes because those liable to the tax who opt for the exemption will choose credits that are below the current carbon tax rate.
According to AlliedOffsets' Dashboard prepared for the Pacific Alliance, however, the average price offered (regardless of the purpose of sale) per credit is USD$6.98 since 2017, but the average for 2025 is USD$4,55. Prices vary mainly according to the project sector, but also due to other factors, such as credit’s vintage.";Agriculture, CCS / CCU, Energy Efficiency / Fuel Switching, Forestry / Land Use, Fugitive Emissions, Industrial Gases/Manufacturing, Renewable Energy, Transport, Waste;Colombia's carbon tax;249024,65214;97108,031;0;291;"The law that established Colombia’s carbon tax (Law 1819 from 2016, modified by Law 2277 from 2022) also established a Carbon Tax Exemption Mechanism (Mecanismo de No Causación) for those who offset emissions. Taxpayers can request an exemption by offsetting up to 50% of the GHG emissions that would result in the tax. The offsetting must comply with the necessary characteristics and in the amount corresponding to the projected GHG emissions and the eligibility criteria for the carbon credits to be accepted. In 2022, an amendment (Law 2277 from 2022 - paragraph 1, article 47), established that the carbon tax exemption may not exceed 50% of the GHG emissions that would incur the tax. This is intended to strengthen the price signal for behavioral change in fossil fuel consumption. With the inability to fully offset emissions, taxpayers will need to focus on improving efficiencies or innovating in their processes to reduce emissions.

Projects eligible for the exemption mechanism must ensure transparency in their implementation, compliance with the national MRV system, demonstrate a reliable methodological development, publicly register their mitigation results as well as the ownership of the GHG emission reductions or removals achieved, and their results must be verified by an accredited third party (Validation and Verification Bodies - VVBs).";"One significant development concerns the progressive expansion of the tax base, particularly to include additional fossil fuels, as established by 2022 reform, which introduced taxation on coal sales. Starting in 2025, coal became subject to 25% of the standard carbon tax rate, with a schedule that increases this share progressively until reaching the full rate by 2028.
At the same time, the carbon tax rate has continued to increase following a predetermined formula. By 2025, the tax reached COP$ 27,399.14 per tCO₂e.
The tax reform in 2022 also modified the functioning of the carbon tax exemption mechanism. The government reduced the proportion of the tax that can be offset with carbon credits from 100% to 50%, a measure designed to strengthen the price signal of the tax and ensure that firms still face some direct carbon cost.
Finally, it should be noted that the national government has prioritized strengthening the regulatory framework for the social and environmental integrity of mitigation outcomes. In particular, it has worked across institutions to regulate social and environmental safeguards, as well as other relevant aspects in response to constitutional court orders in cases involving voluntary carbon markets."
Ecuador Crediting Mechanism;Governamental;Em desenvolvimento;;Nacional;Ecuador;Latin America & Caribbean;Upper middle income;;;;;0,0;;0;0;The Ecuador Crediting Mechanism is promoted by the Minstry of the Environment, Water and Ecological Transition and seeks to contribute to the decarbonization of the country's economy. This mechanism aims to reward mtigiation activities for project activities generated in Ecuador from a variety of sectors.;
Egypt Crediting Mechanism;Governamental;Em desenvolvimento;;Nacional;Egypt, Arab Rep.;Middle East & North Africa;Lower middle income;;;;;0,0;;0;0;Egypt's voluntary offsets market was announced at COP27 in 2022, and activity to establish the new scheme has increased in 2024, with Egypt's Financial Regulatory Authority approving three verification and certification bodies, and the government establishing the legal status of voluntary carbon credits to be traded under the new mechanism.;
EU Carbon Removal Certification Framework;Governamental;Em desenvolvimento;;Regional;EU;Europe & Central Asia;High income;;;;;0,0;;0;0;The EU is developing a EU carbon removal certification framework to establish a voluntary framework for the certification of high-quality carbon removals. This framework is supposed to boost carbon removal technologies that remove carbon from the atmosphere (sequestration projects) as well as carbon farming.;"Secondary regulations were adopted In November 2025,  under EU 2025/2358, which introduces transparency standards for certification schemes and sets out rules for the appointment and supervision of certification bodies, as well as for audit processes, under the CRCF Regulation. Certification schemes seeking recognition under the CRCF Regulation will have to comply with two sets of requirements: the new Implementing Regulation (EU) 2025/2358 and the upcoming Delegated Acts, which will establish tailored certification methodologies for a wide array of carbon removal activities. On 3 February 2026, the Commission adopted the first set of voluntary certification methodologies for permanent carbon removals, covering activities such as Direct Air Capture with Carbon Storage (DACCS), Biogenic emissions Capture with Carbon Storage (BioCCS), and Biochar Carbon Removal (BCR)ensure a smooth start, the Commission will start accepting applications for certification scheme recognition, as established by the Implementing Regulation, in early 2026. Following the adoption of the Delegated Acts, each scheme will be assessed based on specific certification methodologies. If all requirements are met, the Commission will issue a recognition decision for a validity period of five years. In addition, in the first half of 2026, the Commission will host several workshops to further develop the EU Buyer’s Club.
  "
Fujian Forestry Offset Crediting Mechanism;Governamental;Implementado;2016,0;Subnacional;Fujian;East Asia & Pacific;Upper middle income;Fujian Forestry Certified Emission Reduction (FFCERs);CNY16.5–42.83/tCO2-e (US$2.30–5.96/tCO2-e);Energy Efficiency / Fuel Switching, Forestry / Land Use;Fujian pilot ETS;2330,0;0,0;Not available;5;The Fujian Forestry Offset Crediting Mechanism was launched as a subnational crediting mechanism to credit emission reductions from forestry sequestration activities within the province of Fujian. According to the Measures for the Administration of Fujian Carbon Emission Rights Offset (Trial), forestry carbon sequestration projects are developed in accordance with the methodology of forestry carbon sequestration projects published by Fujian Development and Reform Commission. The carbon sequestration (emission reduction) should be registered in Fujian Voluntary Emission Reduction Trading Registry by Fujian Provincial Department of Ecology and Environment, and then traded on Fujian Carbon Emission Trading Platform (Haixia Equity Exchange).;
Gold Standard;Independente;Implementado;2003,0;Global;;;;Verified Emission Reductions (VERs);US$5.27/tCO2e (unweighted average) (2020);Agriculture, Energy Efficiency / Fuel Switching, Forestry / Land Use, Fugitive Emissions, Renewable Energy, Waste;Colombia carbon tax, CORSIA, South Africa carbon tax;392392,801;;0;1653;The Gold Standard was established in 2003 by international NGOs including the World Wildlife Fund as a crediting mechanism for additional certification on the social and environmental impacts of Certified Emission Reductions and later as an issuer of its own credits. It has requirements that projects must generate sustainable development benefits, such as gender equality and health improvements for local communities, alongside emission reductions. There are also strict safeguards against negative project impacts, based on best-practice international standards such as from the IFC.;Notable developments in 2022 included the introduction of mandatory use of a sustainable development goal (SDG) tool to support standardized reporting of SDG impacts, introduction of new registry functionality and requirements to support use of Article 6, and the launch of working groups and consultations on digitization of the carbon market, including digital monitoring, reporting, and verification (MRV) and digital infrastructure and tokenization. In addition, Gold Standard introduced multiple new methodologies to enable crediting activities, including for electric two- and three-wheeled transportation, carbon sequestration through concrete aggregate, the paper and pulp sector, and its first clean cooking methodology integrating digital MRV to enable real-time measurement of energy use.
Greenhouse Gas Crediting and Offsetting Mechanism (GCOM);Governamental;Implementado;2023,0;Nacional;Saudi Arabia;Middle East & North Africa;High income;GCOM credits;;;Not applicable;0,0;0,0;0;0;"The  purpose of establishing the GCOM in the Kingdom is to achieve specific national emission reduction and/or removal levels, aligned with Saudi’s ambitious climate goals, in the most cost-effective manner. It aims to increase cooperation among national entities seeking to fulfil their climate ambitions by helping to mobilize finance in all sectors for a variety of projects and activities. The GCOM also aims to drive positive social, environmental, and economic impacts beyond emission reductions or removals. 

The ultimate objective of the GCOM is to drive progress towards a path to net zero emissions by allowing interested companies and entities to offset their greenhouse gas emissions by purchasing credits and/or certificates from project proponents that voluntarily reduce or remove greenhouse gas emissions. The Mechanism is also meant to promote high-quality credits and/or certificates by providing guidance, transparent infrastructure, and best practices, including for project-level accounting. ";"In 2025, GCOM announced accredited VVBs as a critical step towards enabling full operationalization of the mechanism. As of December 22, 2025, GCOM has six (6) accredited VVBs. For the latest information on accredited VVBs, please visit the website: https://gcom.cdmdna.gov.sa/VVBs 

GCOM has an Accreditation Expert Panel (AEP) that informs the VVB accreditation process, which involves the evaluation of the VVB's adherence to GCOM’s criteria and standards following GCOM’s procedures, in line with international best practices. 
 
Functions of the AEP include: (i) Ensure that VVBs meet the required standards of competence, independence, and reliability ; (ii) Maintain the quality, reliability, credibility and trustworthiness of GCOM services and (iii) Uphold principles of transparency, accountability, and non-discrimination in all its operations."
Guangdong Pu Hui Offset Crediting Mechanism;Governamental;Implementado;2017,0;Subnacional;Guangdong (except Shenzhen);East Asia & Pacific;Upper middle income;Pu Hui Certified Emissions Reductions (PHCERs);CNY35.28-69.3/tCO2e (US$4.95-9.63/tCO2e);Forestry / Land Use, Renewable Energy;Guangdong pilot ETS;3222,31;0,0;Not available;546;The Pu Hui Offset Crediting Mechanism is a subnational mechanism that credits emission reduction activities within the province of Guangdong. PHCERs are primarily intended to be used by compliance entities under the Guangdong pilot ETS. Similar to other Chinese subnational mechanisms, projects applying for PHCERs are not eligible to apply for CCERs and vice versa.;
India Crediting Mechanism;Governamental;Em desenvolvimento;2026,0;Nacional;India;South Asia;Lower middle income;Carbon Credit Certificates;;;As yet, it is unclear if the compliance mechanism under CCTS will accept CCCs from the offset mechanism.;0,0;;0;0;"Under the Carbon Credit Trading Scheme (CCTS), the Government of India is envisaging two mechanism:
1. Compliance Mechanism (see ""India ETS"")– an emission intensity based (target and credit) mechanism where obligated entities will be given GHG emission intensity-based targets and based on the performance against the targets, entities would be issued the credits or will require to surrender the certificates 
2. Offset Mechanism – The offset mechanism is voluntary in nature where non obligated entities can register their projects based on meeting the eligibility criteria and other requirements";"In March 2025, the Bureau of Energy Efficiency, which is the administrator of the mechanism, released detailed guidelines for the offset mechanism under CCTS. The guidelines provide comprehensive detail on eligible sectors and procedures related to registration and issuance of CCCs. In September 2025,  the Bureau of Energy Efficiency developed three new draft methodologies and published for public consultation: 

→ 𝐁𝐌 𝐄𝐍𝟎𝟏: 𝐄𝐥𝐞𝐜𝐭𝐫𝐢𝐜𝐢𝐭𝐲 𝐚𝐧𝐝 𝐇𝐞𝐚𝐭 𝐆𝐞𝐧𝐞𝐫𝐚𝐭𝐢𝐨𝐧 𝐟𝐫𝐨𝐦 𝐁𝐢𝐨𝐦𝐚𝐬𝐬 

→ 𝐁𝐌 𝐄𝐍𝟎𝟏: 𝐏𝐫𝐨𝐝𝐮𝐜𝐭𝐢𝐨𝐧 𝐨𝐟 𝐂𝐨𝐦𝐩𝐫𝐞𝐬𝐬𝐞𝐝 𝐁𝐢𝐨-𝐠𝐚𝐬 (𝐂𝐁𝐆) 

→ 𝐁𝐌 𝐀𝐆𝟎𝟒: 𝐄𝐦𝐢𝐬𝐬𝐢𝐨𝐧 𝐑𝐞𝐝𝐮𝐜𝐭𝐢𝐨𝐧 𝐭𝐡𝐫𝐨𝐮𝐠𝐡 𝐑𝐢𝐜𝐞 𝐂𝐮𝐥𝐭𝐢𝐯𝐚𝐭𝐢𝐨𝐧 𝐌𝐚𝐧𝐚𝐠𝐞𝐦𝐞𝐧𝐭 "
Indonesia Crediting Mechanism;Governamental;Em desenvolvimento;;Nacional;Indonesia;East Asia & Pacific;Upper middle income;;;;"ETS, with no limit of credits used for compliance. However, the MEMR Regulation no 16/22 only allows for offset credit from the energy sector. Eligible offset source are:
a.	New and renewable energy-based generation activities;
b.	Transport, construction and industry Subsector activities, including energy efficiency activities; and
c.	Other activities in the energy Sector.

Currently no information on use of credits for carbon tax.";0,0;;0;0;"Under the umbrella of the 2021 presidential framework regulation on carbon pricing, Indonesia’s Ministry of Environment and Forests adopted a ministerial regulation on domestic carbon trading on October 20, 2022. The regulation covers approaches and criteria for allowance-based emissions trading, carbon credit trading, and performance-based mitigation payments. In relation to domestic carbon crediting, the regulation outlines general rules and modalities for the validation and registration of eligible mitigation project activities and for verification, certification, and trading of achieved mitigation outcomes (carbon credits). The ministerial regulation states that carbon credit generation and trading would be eligible in the energy, waste, industrial processes, agriculture, and forestry sectors, as well as other sectors where there is sufficient knowledge and technology to carry out projects. 

Indonesian government ministries must develop plans for each subsector they are responsible for on how the subsector will meet its share of Indonesia’s nationally determined contribution (NDC) targets. The proposal requires a subsector plan to be in place before credits can be traded. The regulations set out that a proportion of issued credits will be withheld by the government to help ensure Indonesia meets its NDC. Importantly, the regulation also includes provisions for (1) mutual recognition of reputable international carbon standards and (2) corresponding adjustments, including implementation arrangements.";"Indonesia’s national carbon exchange was launched in September 2023 and is primarily designed for domestic players. The initial exchange will be voluntary, except for domestic operators of coal-fired power plants, which will be required to trade allowances to stay below an emissions cap. To be eligible to host credits on the exchange, developers must be registered and verified on Indonesia’s national registry (SRN).
"
Indo-Pacific Carbon Offsets Scheme;Governamental;Removido;;Regional;Australia;East Asia & Pacific;High income;;;;;0,0;;0;0;The Indo-Pacific Carbon Offsets Scheme (IPCOS) is a 10-year program that was launched in November 2021 and will run until 2031 with a funding of $104 million. The scheme enables partnerships between Australian Government and Indo-Pacific economies, civil society and industry and aims to help partner countries create and trade credible and robust carbon offsets under the rules of the Paris Agreement. The first partners in IPCOS, announced at COP26, were Fiji and Papua New Guinea.;"In 2023, Papua New Guinea and Australia signed the Indo-Pacific Carbon Offsets Scheme (IPCOS) Joint Action Plan as a key outcome of the 2023 PNG-Australia Climate Change Dialogue. The focus of the partnership is on capacity building and institutional strengthening. Furthermore, 5 key areas for cooperation and high-level activities for 2023-24 have been agreed. Currently, IPCOS is focused on general capacity building around markets for Small Island Developing States.
"
J-Credit Scheme;Governamental;Implementado;2013,0;Nacional;Japan;East Asia & Pacific;High income;J-credits;Max: JPY6,600/t-CO2 (US$42.86/tCO2e -Renewable energy (electricity)) /  Min: JPY2,800/t-CO2 (US$17.95/tCO2e - Domestic credits (not yet transferred);Agriculture, Energy Efficiency / Fuel Switching, Forestry / Land Use, Fugitive Emissions, Industrial Gases/Manufacturing, Renewable Energy, Transport, Waste;GX-ETS (under consideration), Saitama ETS;15028,017;6073,751;0;868;The J-Credit Scheme was established in 2013 to support regional efforts to reduce GHG emissions in Japan. This scheme integrates two voluntary crediting mechanisms in the country: Japan’s Domestic Credit Scheme and the Japan Verified Emission Reductions (J-VER). J-credits are predominantly used for voluntary offsetting, in Japan including domestic initiatives such as the Keidanren Carbon Neutral Action Plan, reporting emissions in accordance with the Act on the Promotion of Global Warming Countermeasures (1998), and reporting energy efficiency projects under the Act on Rational Use of Energy (1979). Participants in GX-ETS could procure J-credit to achieve the reduction target (under consideration). The GX-ETS system will start in full swing from 2026.;Institutional documents were revised for the development of J-credit system, including expansion of the scope of J-credit system, streamlining of verification process of J-credit with introduction of MRV supporting system.   
Joint Crediting Mechanism;Governamental;Implementado;2013,0;Regional;Japan;East Asia & Pacific;High income;JCM credits;Not available;Energy Efficiency / Fuel Switching, Renewable Energy, Transport;GX-ETS (1st phase and 2nd phase);913,026;78,851;0;104;The JCM was initiated by Japan as a bilateral crediting mechanism between Japan and partner countries. The partner countries who have established the JCM with the government of Japan host and implement the emission reduction projects. Based on decisions by the Joint Committee, which consists of government representatives from both countries, each government issues JCM credits to approved mitigation outcomes. The JCM facilitates the diffusion of leading decarbonization technology,  and the Japanese government can provide financial support for projects. The JCM credits are to be used to achieve its NDC. ;On April 1, 2025, the revised Act on Promotion of Global Warming Countermeasures came into effect, officially launching the JCM Implementation Agency (JCMA). The Global Environment Centre Foundation (GEC) was designated as the operational body to manage the entire JCM project cycle, from registration and credit issuance to international coordination, ensuring transparency and effective governance. 
Joint Implementation;Internacional;Implementado;2008,0;Global;UNFCCC;;;Emission Reduction Units (ERUs);;;;871893,629;;0;0;"The mechanism known as ""joint implementation"", defined in Article 6 of the Kyoto Protocol, allows a country with an emission reduction or limitation commitment under the Kyoto Protocol (Annex B Party) to earn emission reduction units (ERUs) from an emission-reduction or emission removal project in another Annex B Party, each equivalent to one tonne of CO2, which can be counted towards meeting its Kyoto target. Joint implementation offers Parties a flexible and cost-efficient means of fulfilling a part of their Kyoto commitments, while the host Party benefits from foreign investment and technology transfer.";
Kazakhstan Crediting Mechanism;Governamental;Implementado;2013,0;Nacional;Kazakhstan;Europe & Central Asia;Upper middle income;Not available;397 – 672 Tenge including VAT (354,46 – 600 Tenge excluding VAT);Renewable Energy;Kazakstan ETS;11399,946;225,003;0;32;The legislation mandating the Kazakhstan ETS also sets out the option for compliance entities to utilize domestic offset credits to help meet compliance obligations. The legislation details modalities for how non-ETS sectors can seek to implement offset credit projects under a domestic crediting mechanism. Kazakhstan has a domestic crediting mechanism in place that allows emitters to offset a share of their emissions through domestic projects. Quota units are credited to accounts in the registry for further trading in the ETS. Most projects are in the renewable energy and energy efficiency sector. Additional supporting policies and regulations on processes such as stronger crediting methodologies of forest absorption projects are still in development.  ;Kazakhstan plans to launch a primary market on the financial exchange in 2026–2027.
Mexico Crediting Mechanism;Governamental;Em desenvolvimento;;Nacional;Mexico;Latin America & Caribbean;Upper middle income;"Two types of flexibility instruments under de domestic crediting mechanism are foreseen, both of which will generate offset credits eligible for use under the ETS: 1) offset credits and 2) early action.
Offset credits: SEMARNAT will establish a domestic program for the generation of offset credits that can be surrendered for compliance. Domestic projects that have been validated and verified under internationally or domestically recognized protocols will be eligible. Emission reductions related to all GHGs will be eligible, except for those related to direct CO₂ emissions.
Early action: Offset credits generated by mitigation projects operating in Mexico under recognized protocols before the pilot came into force (2020) can be eligible for use in the ETS.
SEMARNAT issues offset credits only if a certificate of cancellation is presented and if they were not used for other compliance proposes. These projects will be expected to continue generating offset credits during the operational phase.";Throughout the pilot phase and until now,  allowances have been allocated free of monetary value and not formally traded on an active market, and so there is no official price for CO2 allowances during 2025.;;ETS: Participants can meet up to 10% of their compliance obligations with offset or early action credits.;0,0;;0;0;"The Ministry of Environment and Natural Resources (SEMARNAT) is looking to establish a domestic mechanism for the generation of carbon credits that can be used for compliance obligations by entities covered under its new ETS. 
Details around eligible mitigation projects or activities are still to be determined but are expected to include domestic projects from non-regulated sectors within the ETS that have been validated and verified under approved protocols. The crediting mechanism is also expected to credit early action activities by projects in Mexico (projects that are already receiving credits from other crediting mechanisms) before the national ETS comes into force. To receive early action credits, these projects would be expected to cancel any credits they have received from other mechanisms to avoid double counting.";Mexico’s ETS developed through a pilot phase (2020-2021) and transitional phase (2022) that was extended due to delays in finalizing regulations. Final regulations and the launch of the “Operational Phase” (i.e. compliance phase) are expected during 2026. The ETS covers direct CO2 emissions from large industrial and energy sector installations representing approximately 40% of Mexico’s national GHG emissions. The emissions cap for the pilot phase was initially set at 271.3 MtCO2. The final regulations will establish the cap for the Operational Phase (expected to cover 25-30% of Mexico’s updated NDC). Use of domestic offsets is permitted and currently capped at 10%. This cap could potentially be increased for the Operational Phase: Reported statements from Mexican officials indicate that the offset cap could increase to 100% depending on Mexico’s soon-to-be updated NDC. This approach would increase demand for domestic offsets significantly and incentivize carbon credit project development 
Murcia Crediting Mechanism;Governamental;Em desenvolvimento;;Subnacional;Murcia;Europe & Central Asia;High income;;;;;0,0;;0;0;Murcia published draft legislation in early 2024 for a new voluntary carbon crediting mechanism.;
Nova Scotia Crediting Mechanism;Governamental;Não classificado;2023,0;Subnacional;Nova Scotia;North America;High income;Fund credit and performance credit;CAD80/tCO2e;;Nova Scotia Output Based Pricing System;0,0;;0;0;"Regulated facilities pay the Nova Scotia Government for fund credits when they owe a compliance obligation (i.e., when they have emitted in excess of their emissions limit). The Nova Scotia government may award regulated facilities a performance credit when they have emitted less than their emissions limit. This means that one performance credit is equivalent to one tonne of carbon dioxide equivalent and one fund credit is equivalent to one tonne of carbon dioxide equivalent.

The price of fund and performance credits escalates from 2023-2030 according to Canada’s Minimum National Carbon Pollution Price Schedule (2023-2030).";Release of the Output-based Pricing System Reporting and Compliance Regulations & Standard on January 31, 2024. First annual Output-based Pricing System Progress Report released December 2024 (see here: https://climatechange.novascotia.ca/sites/default/files/obps-annual-progress-report-2024.pdf)
Panama Crediting Mechanism;Governamental;Em desenvolvimento;;Nacional;Panama;Latin America & Caribbean;High income;Unidades Nacionales de Reducción de Emisiones (UNRE);;;;0,0;;0;0;"On December 2021, Executive Decree 142 created the legal structure for the National Carbon Market of Panama (Mercado Nacional de Carbono de Panamá, MNCP), outlining concrete steps for its operations, defined its main components, and created its governing structures. Through MNCP, entities will be able to offset their greenhouse gas emissions, voluntarily acquiring carbon credits from compensation projects at the national level to contribute to low-emission development that is resilient to climate change.

The MNCP will promote a low-emissions economy, based on the purchase and sale of National Emissions Reduction Units (Unidades Nacionales de Reducción de Emisiones, UNRE). 

The three main components of the MNCP are:
•	National GHG management programs under the National Reduce Your Footprint Program (Reduce Tu Huella, PNRTH) 
•	National Offsetting Mechanism of Panama (Sistema Nacional de Compensación de Gases de Efecto Invernadero de Panamá, SNCP) 
•	Panama Carbon Exchange (Bolsa Panameña del Carbono, BPC)

Eligible entities participating in the National Reduce Your Footprint Program (PNRTH) will represent the demand for UNREs resulting from national compensation projects aimed at offsetting or neutralizing their carbon footprint. The SNCP will establish a process for obtaining UNREs, and the Panama Carbon Exchange (BCP) will serve as the marketing platform. Prices for the purchase and sale of UNREs have not yet been determined.

The Ministry of Environment is working on the design and development of the MNCP, including a pilot for the SNCP.
";
Paris Agreement Crediting Mechanism;Internacional;Implementado;2025,0;Global;UNFCCC;;;;;;;2450027,464;;1035.475;0;;The Paris Agreement Crediting Mechanism (PACM) is now operational. PACM is managed by the UNFCCC as a crediting mechanism to support countries to meet their NDCs. Units generated by PACM can also be used for voluntary purposes. There are two channels available for projects to be approved by PACM—a track for older Clean Development Mechanism (CDM, Kyoto era) projects to transition, and a separate process for new projects where standards and methodologies are awaiting approval. Transitioning projects must receive approval from the PACM and the host country. While the window for CDM projects to receive approval from PACM has passed, the deadline for receiving host country approval has been extended to June 30, 2026. Among the projects that have received host party approval, a clean cookstove programmatic (i.e., multi-activity) project from Myanmar has become the first to obtain provisional credit issuance under PACM 
Peatland Code;Governamental;Implementado;2015,0;Nacional;United Kingdom;Europe & Central Asia;High income;;;;;0,0;0,0;0;0;The Peatland Code provides a standard for quantifying and verifying climate benefits from reductions in greenhouse gas emissions brought about by peatland restoration. It is administerd by the IUCN UK National Committee and operates alongside the UK's Woodland Carbon Code (WCC) that credits abatement from tree planting projects in the UK.;
Plan Vivo;Independente;Implementado;1997,0;Global;;;;Plan Vivo Certificates (PVCs);US$2.0 - US$90.1 (Please note that these prices are the minimum and maximum prices recorded for the VINTAGES of 2021 and 2022);;Certificates are not used under compliance schemes such as carbon taxes or ETSs. They are only used within the Voluntary Carbon Market worldwide.;19780,705;;0;30;Plan Vivo issues credits for emission reduction and removals from protection, restoration or improved management of land or marine areas. The program has a strong focus on livelihood benefits for local communities. These benefits must extend beyond the financial flows from sale of PVCs or direct employment in a project. Each project must deliver long-term local benefits, including biodiversity conservation, poverty reduction and sustainable livelihoods, and restoration of degraded and degrading ecosystems, and adaptation of natural and managed ecosystems to climate change. Plan Vivo guarantees that, through its Benefit Sharing Mechanism, project participants have access to at least 60% of the money coming from every PVC purchased.;At the end of 2023, Plan Vivo launched the pioneering Biodiversity Standard (PV Nature) (see news 6/12/23 - https://www.planvivo.org/news/plan-vivo-launch-biodiversity-standard). Additionally, Plan Vivo has received funding from a number of different organisations, including the Montpelier Foundation, the Trafigura Foundation and the Darwin Initiative. Plan Vivo has also expanded the team considerably, with a particular focus on strengthening the presence regionally, comprising now have staff in East Africa, Latin America and Europe.
Portuguese Voluntary Carbon Market;Governamental;Implementado;2024,0;Nacional;Portugal;Europe & Central Asia;High income;CCF (Future Carbon Credits), CCV (Verified Carbon Credits), Carbono+.;"Negotiated market price; €0.20 administrative fee.";;;0,0;0,0;0;0;The Portuguese government approved a law to establish a voluntary carbon market in December 2023. The new law allows the Portuguese Environment Agency (Agência Portuguesa do Ambiente) to establish a domestic crediting mechanism that includes rules governing additionality, permanence, monitoring, reporting and verification.;In October 2025 the first methodology was approved, focused on afforestation on non-forest lands. A national registry platform, operated by ADENE, was also launched in October 2025. 
Quebec Offset Crediting Mechanism;Governamental;Implementado;2013,0;Subnacional;Quebec;North America;High income;Quebec offset credits;US$18.12/tCO2e (weighted average) (2024);Industrial Gases/Manufacturing, Waste;Quebec ETS, California ETS;2600,697;0,0;0;29;The government of Quebec established a crediting program that issues Quebec offset credits intended for subject entities wanting to useing them to meet compliance obligations under the ETS. Those credits can also be retired voluntarily by market participants or exchanged on the market. A reform of the offset regulatory framework was adopted in 2021. The reforms allow the Minister to adopt a ministerial offset regulation for each project type (replacing protocols embedded in the ETS regulation), thereby facilitating the revision process and adoption of new regulations.  ;The Regulation respecting afforestation and reforestation projects eligible for the issuance of offset credits on privately-owned land was amended, with the government formally adopting the changes on February 25, 2025.
Republic of Korea Offset Credit Mechanism;Governamental;Implementado;2015,0;Nacional;Korea, Rep.;East Asia & Pacific;High income;Korean Offset Credits (KOCs);KRW 8,130 - 11,850/tCO2e (US$5.72-8.33/tCO2e) (2025);Energy Efficiency / Fuel Switching, Industrial Gases/Manufacturing, Renewable Energy, Transport, Waste;Korea ETS;65621,538;33976,157;0;1747;The Republic of Korea offset credit mechanism was implemented to provide the offset credits for use within the Korea ETS. The offset credit(KOC) can be issued not only for domestic carbon reduction projects that are not covered by the ETS, but also for the International Korean projects that meet Article 6.2 and 6.4 of Paris Agreement. KOCs must be further converted into Korean Credit Units by the Korean government before it can be used for compliance obligations.;
RGGI CO2 Offset Mechanism;Governamental;Implementado;2005,0;Subnacional;Connecticut, Delaware, Maine, Maryland, New Jersey, New York, Vermont;North America;High income;RGGI CO2 offset allowances;US$22-28/tCO2e;Waste;RGGI;48,081;0,0;0;0;The RGGI CO2 Offset Mechanism is designed to credit project-based GHG emission reductions that follows one of the approved crediting protocols and is located within one of the states of the RGGI program. The RGGI CO2 offset allowances are acceptable for compliance in any RGGI participating state, regardless of the state of origin. The 2017 Model Rule eliminated several offset categories but retained the landfill methane capture, avoided agricultural methane, and forestry categories. However, not all states issue RGGI offsets and those that do may not allow all of the project types.;The Model Rule was revised to remove all offset categories beginning in 2027 (but maintain the fungibility of previously issued offset allowances).
Saitama Forest Absorption Certification System;Governamental;Implementado;2010,0;Subnacional;Saitama;East Asia & Pacific;High income;Saitama Prefecture Forest CO2 Absorption Certification;Not available;Forestry / Land Use;Saitama Target Setting Emissions Trading System;6,283;0,0;0;373;"Saitama Forest Absorption Certification Systemis a system that aims to contribute to society by visualizing the achievements of companies and organizations engaged in forest management activities such as reforestation and thinning. By having the prefecture certify the CO2 absorption
 amount achieved through forest management activities, this system aims to foster awareness of protecting and nurturing 
 forests throughout society. Saitama Prefecture will issue a certificate to applicants, which companies and organizations can use for public relations activities. ";
Saitama Target Setting Emissions Trading System;Governamental;Implementado;2011,0;Subnacional;Saitama;East Asia & Pacific;High income;Offset credits;JPY144/tCO2e (US$1/tCO2e) (2019);Energy Efficiency / Fuel Switching, Renewable Energy;Saitama Target Setting Emissions Trading System, Tokyo ETS;14430,0;1780,0;4640;1143;The Saitama prefecture in Japan launched its offset mechanism alongside its ETS in 2011. GHG reductions from small or medium sized businesses can generate credits, as well as renewable energy production.;
Sakhalin Oblast Pilot crediting mechanism;Governamental;Implementado;2022,0;Subnacional;Sakhalin;Europe & Central Asia;Upper middle income;;;CCS / CCU, Forestry / Land Use, Renewable Energy;;0,096;0,0;0;0;Russia’s Ministry of Energy, together with the Ministry of Ecology and Sustainable Development of for Sakhalin Oblast, established the crediting mechanism to complement the planned pilot ETS and support the objective of Sakhalin reaching net zero by 2025. The mechanism is intended to serve as a demonstration of a model that can be rolled out to other oblasts. The mechanism is designed to encourage projects to reduce emissions through capturing, recycling and storing CO2, reforestation, or renewable energy.;In May 2025 approximately 8.400 carbon units were sold in a transaction between SIBUR and two Sakhalin-based companies. Aluminum producer Rusal has also purchased credits under the program to offset its emissions
South Africa Crediting Mechanism;Governamental;Implementado;2019,0;Nacional;South Africa;Sub-Saharan Africa;Upper middle income;;"The JSE Ventures Voluntary Carbon Market has facilitated the first trades of carbon credits eligible as offsets against the South African Carbon Tax. A total of 10,000 credits traded at $8.25 per credit, which is equivalent to approximately 80% of the current carbon tax rate of R190 per ton.

According to the Green Asset Exchange, in 2024, offset credits in South Africa traded at R 155–175/tonne, under the tax-offset system.";;South Africa Carbon Tax;45887,799;0,0;0;38;The South African Carbon Tax Offset system relies on existing international and independent crediting mechanisms. All projects undergo the obligatory processes required for project registration and credits issuance by each specific standard. To be eligible projects must not be activities covered by the carbon tax, projects must be located in South Africa, and projects must be registered/implemented after the commencement of the carbon tax (1 June 2019). Projects that are under taxable activities may be utilized until the first phase of the carbon tax (Regulation 2(2) of the Carbon Offset Regulations) ;"In March 2025, Treasury amended the Carbon Offset Regulations under the Carbon Tax Act. Notably, the eligibility threshold for energy projects was raised: renewable energy generation projects up to 100 MW are now eligible for offset allowances. This change is meant to incentivize more low-carbon power generation and align offset use with the energy transition.

From 1 January 2026, the offset allowance will go up further (Phase 2):
•	10% for fugitive and process emissions
•	15% for combustion emissions 
•	
The government extended the period during which older offset credits (from projects registered before the tax) can be used until 31 December 2028."
Spain FES-CO2 Program;Governamental;Implementado;2011,0;Nacional;Spain;Europe & Central Asia;High income;Verified Emission Reductions (REVs);EUR9.7/tCO2e  (2025);Agriculture, Energy Efficiency / Fuel Switching, Fugitive Emissions, Industrial Gases/Manufacturing, Transport, Waste;;4755,06;4588,549;0;462;"The Spanish Carbon Fund for a Sustainable Economy (FES-CO2) was created in 2011 and has supported domestic emission removal projects in sectors that are not covered by the EU ETS through the purchase of carbon credits by the Spanish Government. The FES-CO2 issues call-outs for emission reduction project proposals, with successful projects granted a contract that determine the volume, schedule and price for Reducciones de emisiones verificadas (REVs) or Verified Emission Reductions. Projects can then commence, and after submitting verification reports are issued and paid for REVs. Projects must sign a contract with the FES-CO2 in order to be registered and units credited. The price of a carbon credit started at EUR7.10/tCO2e in 2012 before increasing to EUR9.7/tCO2e in 2015. In the 2021 call-out the FES-CO2 incorporated 2 price modalities for projects: the first one with a fixed price of 9,7 € for small-medium scale projects; the second modality applies to innovative and big projects and consists on an auction where projects could offer a price below 9,7 € (the lowest price offered has been 8,49 €). The FES-CO2 has signed more than 450 contracts to support over 700 project activities. In 2020 the objective and scope of the Fund was broadened, to promote adaptation and removal activities (both new to the FES-CO2) and add new activities to support industrial and energy innovation projects. This is intended to support the additional efforts needed to achieve carbon neutrality by 2050.
In 2025 a new Royal Decree on FES-CO2 regulation is expected to be adopted. Its draft already been subjected to public information, and it is envisaged to include adaptation and removal projects, as well as to promote innovative reduction projects in power generation and industry sectors, which are expected to achieve significant reductions in order to help towards decarbonization.";"The 8th of January of 2026 entered into force a new regulation, the Royal Decree 1151/2025 of 17 December, which regulates the Carbon Fund for a Sustainable Economy. This new Royal Decree modifies the scope of potential projects by broadening the eligible activities to adaptation and removal projects, as well as promoting industrial and power generation decarbonization projects that are innovative. Also, the Royal Decree expands the ways of financing these activities. 
"
Sri Lanka Carbon Crediting Mechanism;Governamental;Implementado;2016,0;Nacional;Sri Lanka;South Asia;Lower middle income;Sri Lankan Certified Emission Reductions (SCER);USD1-2 / tCO2e;Agriculture, Energy Efficiency / Fuel Switching, Forestry / Land Use, Renewable Energy, Transport, Waste;;1861,048;86,07;0;14;Sri Lanka Carbon Crediting Scheme (SLCCS) is a national offset scheme established to support local clean projects (such as renewable energy projects (solar, wind, hydro), energy efficiency initiatives, and reforestation or afforestation activities),  to benefit from climate finance for emission reductions. Project owners can use credits for internal offsetting or trading. ;While there are no significant changes to the Sri Lanka Carbon Crediting Scheme, in its updated NDCs (2025), the government indicated that it would clarify the role of Article 6 and carbon credits to meet its NDCs in the forthcoming regulation on carbon markets (“Carbon Market Strategy and Guiding Principles”). 
Switzerland CO2 Attestations Crediting Mechanism;Governamental;Implementado;2012,0;Nacional;Switzerland;Europe & Central Asia;High income;Swiss CO2 attestations;CHF56-151/tCO2e (US$59-160/tCO2e) (2020);Energy Efficiency / Fuel Switching, Forestry / Land Use, Fugitive Emissions, Industrial Gases/Manufacturing, Transport, Waste;Producers and importers of fossil motor fuels only;19324,15;1522,919;0;187;Emission reduction projects and programs can receive “attestations” under the Swiss CO2 Act and the CO2 Ordinance. The credits are issued to activities in Switzerland and cannot be traded outside of the country. Companies that produce or import fossil motor fuels can use these credits to compensate for their CO2 emissions and fulfil their compliance obligations under the Switzerland CO2 Act. Additionality requirements apply in such cases. Credits generated in this manner can be traded, and their purpose is to be used by companies obliged to compensate. Voluntary use is not legally prohibited. ;Compensation projects abroad are possible under Article 6.2 of the Paris Agreement. Bilateral agreements with 16 partner countries are in place with several bilateral authorizations. First transfers of ITMOs have been completed. In addition, Norway and Switzerland agreed a bilateral ITMO agreement for durable CDR, a first under Article 6.2.
Taiwan Voluntary GHG Reduction Program;Governamental;Implementado;2015,0;Subnacional;Taiwan, China;East Asia & Pacific;High income;Taiwan Certified Emission Reductions(TCERs);USD 105.6/tCO2e;Energy Efficiency / Fuel Switching, Fugitive Emissions, Transport, Waste;Carbon fee and ETS;16845,201;0,0;0;35;The program aims to encourage voluntary emission reduction and carbon sequestration enhancement for entities through implementing GHG Voluntary projects that use methodologies either sourced from the CDM and approved by the Ministry of Environment or locally developed.;Driven by the demand from major emitters under the carbon fee system, eight registered projects were approved in 2024. Additionally, to enhance the effectiveness of domestic natural carbon sinks, various natural carbon sink methodologies are under development. On December 19, 2024, two IFM (improve forest management) type methodologies were approved, each applicable to forests or bamboo forests.
Thailand Voluntary Emission Reduction Program;Governamental;Implementado;2014,0;Nacional;Thailand;East Asia & Pacific;Upper middle income;TVERs;18-2,000 THB/tCO2e (0.58-64.37 USD/tCO2e);Agriculture, Energy Efficiency / Fuel Switching, Forestry / Land Use, Renewable Energy, Transport, Waste;Not applicable;25839,765;0,0;0;701;Since 2014, Thailand Greenhouse Gas Management Organization (TGO) has developed a voluntary domestic GHG crediting mechanism called Thailand Voluntary Emission Reduction Program (T-VER). T-VER aims to encourage the public and private sector to reduce GHG emissions while enhancing sustainable development. Currently, the credits from T-VER are used domestically. However, TGO continues to consider potential and possible international transactions with the intention to assess and explore potential areas of improvement to ensure comparability with the guidance and rules, modalities and procedures of Article 6, eligibility criteria under CORSIA, and other relevant mechanisms. ;"In 2023, TGO established Premium T-VER as a new and separate standard from T-VER. While it is built upon the same infrastructure as T-VER, it has been enhanced with more stringent requirements to align with the provisions of Article 6, enabling it to serve as a programme for issuing carbon credits for international transfers. The International Civil Aviation Organization (ICAO) has approved the ""Premium T-VER"" as an eligible standard for airlines to offset emissions from international flights under the Carbon Offsetting and Reduction Scheme for International Aviation (CORSIA), specifically for Phase 1 (2024–2026)."
Tokyo Cap-and-Trade Program;Governamental;Implementado;2010,0;Subnacional;Tokyo;East Asia & Pacific;High income;No formal umbrella term for offset credits but there are 5 types of credits (Excess emission reductions and four offset credits) in the Tokyo’s program;"JPY170-1,000/ tCO2e (about US$1.09-6.42/tCO2e - Excess emission reductions); JPY4,100-8,200/tCO2e (US$26-53/tCO2e - Renewable energy credits)";Energy Efficiency / Fuel Switching, Renewable Energy;Tokyo cap-and-trade program;22686,0;5790,0;7300;4106;Tokyo in Japan launched its offset mechanism with the establishment of its ETS in 2010. Credits include small and medium enterprise credits and renewable energy credits (solar—heat and electricity, wind, geothermal, or hydro). Emissions reductions generated by large facilities outside the Tokyo prefecture can also generate credits. These can be used under the Tokyo ETS.;"In March 2025, Tokyo Metropolitan Government (TMG) published the results for the fourth fiscal year of the third compliance period (FY2023), showing that emissions from covered entities totaled 11.32 MtCO2. This is a 31% reduction below base-year emissions.
The fourth compliance period began in April 2025, with the compliance factors raised to 50% or 48% depending on the type of facilities. 
Ahead of the launch of the Japanese government's GX-ETS in April 2026, adjustments between the two ETSs were implemented to avoid overlapping regulatory targets. 
"
UK Woodland Carbon Code;Governamental;Implementado;2011,0;Nacional;United Kingdom;Europe & Central Asia;High income;Pending Issuance Units (PIUs) for validated credits, Woodland Carbon Units (WCUs) once verified;"£26.85 (2024 volume weighted average per PIU)
Spread price £62 (2024)";;"Not applicable currently; WCC is monitoring ongoing discussions on integrating removals in the UK ETS";12,593;4,643;0;621;The Woodland Carbon Code (WCC) is the quality assurance standard for woodland creation projects in the UK, and generates high integrity, independently verified carbon units. Backed by the UK Government, the forest industry and carbon market experts, the Code provides woodland carbon units in the UK. The Woodland Carbon Code is internationally recognised for high standards of sustainable forest management and carbon management and is endorsed by ICROA, the global umbrella body for carbon reduction and offset providers in the voluntary market. Woodland Carbon Code projects provide social and environmental benefits for many communities across the UK.  These include biodiversity and habitat creation, improvements in health and wellbeing, benefits for farming, local employment and educational opportunities.;A new version of the UK Woodland Carbon Code (WCC) entered into effect on 1 August 2025, though with a transition period for projects seeking validation or verification until 30th June 2026.
Verified Carbon Standard;Independente;Implementado;2005,0;Global;;;;Verified Carbon Units (VCUs);US$1.62/tCO2e (2020);Agriculture, Fugitive Emissions, Renewable Energy, Transport, Waste;Colombia carbon tax, CORSIA, South Africa carbon tax;1365888,171;;0;2479;The VCS Program was founded by several key carbon market actors including The Climate Group, the International Emissions Trading Association, the World Business Council for Sustainable Development, and the World Economic Forum. Its initial purpose was to certify and credit voluntary emission reduction projects. While the main use of VCUs is still predominantly for voluntary offsetting, VCUs from VCS projects have been used for compliance under the Colombia and South Africa carbon taxes and some will be eligible under the CORSIA. Verra, a non profit organisation, oversees and implements the VCS Program as well as a number of other sustainability programs.;"Verra celebrated the issuance of its 1 billionth Verified Carbon Standard (VCS) credit in 2022. Verra published two new methodologies under the VCS program, for “Improved Forest Management Projects” and “the production of biochar and its use in soils and other emerging applications.”  Verra ran a public consultation in October 2022 on a new consolidated Reducing Emissions from Deforestation and Forest Degradation methodology for the VCS, expected to be finalized in the third quarter of 2023.

"
Vietnam Crediting Mechanism;Governamental;Em desenvolvimento;;Nacional;Vietnam;East Asia & Pacific;Lower middle income;;;;;0,0;;0;0;The Government Decree 06/2022/ND-CP established a roadmap to develop and implement a domestic carbon market in Vietnam.;
Voluntary Carbon Credit System;Governamental;Em desenvolvimento;;Subnacional;Galicia;Europe & Central Asia;High income;;;;;0,0;;0;0;Consultation on draft legislation for the proposed Galician Voluntary Carbon Credit System was launched in March 2024. The draft legislation provides for a Technical Committee to approve abatement calculation methodologies.;
Washington Crediting Mechanism;Governamental;Implementado;2023,0;Subnacional;Washington;North America;High income;Washington Allowances & Washington Offsets;Offsets: N/a – Pricing of offset transactions is non public information. Prices are established through private transactions directly between parties.;;Washington’s Cap-and-Invest program allows the use of allowances, and offset credits issued by Ecology to fulfill a portion of an entity’s compliance obligation.;2859,656;99,525;0;12;The Climate Commitment Act establishes a comprehensive, market-based program to reduce carbon pollution and achieve the greenhouse gas limits set in state law. The program started on Jan. 1, 2023. Covered entities may use offset credits to fulfill a portion of their up to eight percent of their compliance obligation. The remainder must be satisfied through, in addition to allowances which are purchased at: 1) quarterly and reserve auctions, 2) bilateral transactions, and through contracts in multiple futures markets.;"Amendments to the offset rules of the Climate Commitment Act (Chapter 173-446 WAC), which impact the protocol for Ozone-Depleting Substances (ODS). 

A draft rule is under consideration that would revise the US Forest Offset Protocol adopted under the CCA."
